timestamp,ch_1,ch_2,ch_3,ch_4,ch_5,ch_6,ch_7,ch_8
1762942314.1022758,-41.89,-12.9,-45.5,30.61,23.68,76.11,52.04,-27.23
1762942314.326991,-56.29,48.39,38.61,-34.21,-7.18,59.64,-25.04,16.43
1762942314.536028,-31.77,24.7,-13.02,11.28,57.61,-64.8,-22.13,-55.43
1762942314.743608,40.7,-74.53,41.27,-9.91,-31.03,58.92,54.56,-48.03
1762942314.9597561,53.53,19.17,41.77,27.73,-54.54,-22.31,26.73,27.14
1762942315.1680977,18.84,70.67,60.81,42.76,-53.67,-52.62,-1.95,-30.97
1762942315.3756752,-5.88,10.79,36.72,-66.05,50.23,-5.39,-43.2,-7.03
1762942315.5823138,-50.18,20.99,6.05,48.79,-49.72,20.53,-14.16,-70.66
1762942315.790852,-75.97,-10.57,-29.13,-54.89,6.66,78.95,-73.67,56.27
1762942316.0153236,-64.83,-62.11,-29.06,15.76,-50.31,21.51,43.41,38.16
1762942316.2392182,-68.11,-7.92,5.31,-48.17,-3.2,17.07,61.28,77.63
1762942316.4718964,-13.03,-23.96,-20.46,30.28,59.42,-11.31,-70.15,-76.3
1762942316.6986108,35.17,-47.05,10.71,-31.34,-58.43,65.13,73.88,-57.19
1762942316.912608,-62.18,6.14,-47.46,-20.52,69.53,75.13,42.06,-4.88
1762942317.1360638,-24.08,-66.58,-35.89,-4.3,-37.5,40.16,-51.6,66.47
1762942317.344687,6.67,42.01,-50.19,59.21,69.64,76.36,50.62,-55.72
1762942317.5513587,19.95,-30.26,5.29,73.88,48.83,14.64,8.2,44.08
1762942317.7577593,79.67,21.82,65.4,-25.79,-39.75,70.54,-71.81,-18.11
1762942317.9645333,51.91,72.87,42.31,-21.22,-7.0,-14.65,-38.13,77.06
1762942318.1719801,-45.82,28.26,62.37,50.2,-23.11,46.34,-79.79,26.46
1762942318.3794935,-55.71,-39.42,3.49,-34.84,-65.9,13.8,1.21,-70.16
1762942318.587759,33.36,-24.6,-55.83,-0.33,-56.07,0.78,3.56,69.83
1762942318.794881,-31.04,41.14,-18.8,31.54,-13.71,-13.63,-71.5,52.46
1762942319.0035,-48.83,-32.11,44.63,-72.61,61.51,46.91,-25.34,-53.61
1762942319.2115479,-1.71,75.18,-65.19,67.79,-16.5,-12.61,-77.73,-63.02
1762942319.4200907,-8.24,17.52,-35.7,78.11,60.07,75.02,45.92,55.74
1762942319.6286254,-17.8,-55.34,-56.66,-59.34,75.96,12.15,-20.43,-19.4
1762942319.836715,-19.84,-13.58,32.95,48.64,-33.7,18.56,31.53,-10.45
1762942320.045259,41.7,-32.36,-20.31,49.37,-18.4,-70.73,-4.18,74.65
1762942320.2556884,-0.08,-77.15,-0.33,-62.54,55.36,46.27,-31.6,-44.14
1762942320.463967,-12.3,58.19,57.1,-51.97,-67.12,63.4,52.74,51.31
1762942320.6753483,-77.25,67.14,-54.01,-38.08,66.99,-10.75,14.71,-38.39
1762942320.8993971,1.23,71.87,-79.63,57.98,-22.3,11.19,29.63,-64.72
1762942321.108912,15.72,-34.82,-44.27,0.65,44.49,47.81,-9.43,79.57
1762942321.309685,26.61,-57.9,-60.96,28.21,-5.97,-27.51,-42.9,41.61
1762942321.522882,74.38,3.6,55.09,-65.14,-22.08,-66.94,45.1,23.55
1762942321.7302244,10.12,-24.9,77.62,-29.13,-35.76,74.76,-57.81,-8.27
1762942321.9420571,-17.23,31.43,32.71,-40.26,-70.99,-43.53,-4.23,55.24
1762942322.1514874,79.58,-56.25,-48.77,-64.28,59.92,-0.64,-42.81,-0.75
1762942322.379017,14.82,35.53,-24.0,48.48,43.96,-38.63,37.94,28.01
1762942322.5943875,69.24,-59.54,48.04,-49.1,73.5,-65.11,62.01,17.19
1762942322.8110836,-52.75,-36.76,6.07,71.81,-28.44,33.28,16.54,-46.48
1762942323.0321121,41.8,67.06,62.02,-3.6,-49.88,-44.35,-77.49,77.17
1762942323.2466612,-25.09,31.13,-48.02,-11.04,-13.05,41.68,54.32,16.72
1762942323.4544744,26.0,-70.72,68.94,15.18,78.97,-10.41,68.11,25.64
1762942323.6588166,-27.35,-71.14,-21.86,11.83,-55.49,-12.88,48.58,-63.93
1762942323.8641808,-44.44,-10.69,10.68,62.85,50.07,-70.24,-7.09,35.57
1762942324.0699933,53.02,62.83,32.0,-79.23,11.64,-2.27,-6.43,-4.65
1762942324.2822156,65.62,36.31,67.6,68.88,56.46,19.77,-72.34,69.84
1762942324.4961677,17.35,-63.12,-70.54,-55.38,-4.84,73.14,23.89,-75.67
1762942324.715278,1.8,-45.28,-13.22,23.86,-33.79,24.17,43.08,-62.01
1762942324.924407,-63.1,59.79,73.81,-28.35,45.7,-30.51,9.31,-28.77
1762942325.140062,-36.02,-15.91,26.63,-36.86,-30.0,-33.02,9.76,-73.08
1762942325.3798902,25.93,-67.98,19.49,4.07,69.86,57.69,-24.24,-78.46
1762942325.6032367,25.26,-55.12,1.82,63.3,41.74,39.71,-14.65,-5.48
1762942325.8105593,-76.35,53.35,-0.86,19.71,-24.87,-53.08,-1.65,-41.52
1762942326.0191085,-0.26,-24.32,-22.23,-33.38,-18.23,28.36,-34.67,25.82
1762942326.2259586,38.46,3.71,2.45,-44.64,-60.9,-19.22,-23.62,-29.3
1762942326.4335885,-38.87,-23.47,-75.36,49.94,63.06,-62.1,26.25,65.39
1762942326.6404474,44.48,49.62,75.34,7.49,-41.56,26.6,-9.23,60.31
1762942326.8492055,-14.87,-36.04,-76.16,-62.72,-61.72,1.4,67.98,-70.45
1762942327.0565403,-62.31,23.63,10.45,35.25,2.59,35.7,-73.78,23.18
1762942327.294472,4.35,-27.11,29.02,50.29,57.3,28.73,-39.57,-38.77
1762942327.503583,-43.21,34.71,37.67,-13.68,67.25,9.28,-0.79,-33.94
1762942327.71128,-27.33,15.83,-41.78,69.36,9.99,-39.92,56.26,-47.2
1762942327.9137282,-2.5,23.65,-60.15,70.88,-71.11,-31.98,51.26,8.49
1762942328.12567,-42.67,-2.87,-1.35,-15.87,-39.55,-53.95,-26.26,76.27
1762942328.3311799,-30.78,-53.06,-49.24,49.29,61.94,-26.29,-16.47,-37.28
1762942328.5440764,72.36,40.46,-56.99,27.39,-6.45,-77.56,59.94,19.75
1762942328.8167012,-4.55,79.95,-46.36,-54.16,-26.62,43.94,-9.57,-60.36
1762942329.046776,72.66,-22.72,73.22,-63.53,-26.48,-15.51,-21.97,-32.53
1762942329.2979,-16.58,40.91,-11.74,62.41,52.16,-31.45,35.9,46.58
1762942329.5511694,-44.27,-20.37,64.94,13.21,77.76,22.13,-63.37,-42.3
1762942329.7598698,-16.27,8.09,-63.91,-67.58,64.7,-44.41,-60.74,-66.6
1762942329.9675665,-45.3,-7.8,-50.81,-76.39,14.45,-22.3,6.7,-53.83
1762942330.175754,62.76,-60.75,-72.6,-79.27,46.84,50.1,39.07,-72.88
1762942330.3841052,65.28,11.78,24.81,-73.99,29.33,74.61,-59.73,18.81
1762942330.592166,61.6,-78.49,-46.06,-22.93,-13.98,-74.23,39.69,68.05
1762942330.832699,71.22,-9.36,-51.16,-40.08,-0.94,58.74,12.38,64.57
1762942331.040519,11.52,55.88,47.21,32.29,61.55,-65.19,18.5,-49.83
1762942331.2473624,2.99,-21.76,-8.13,-39.16,-10.16,-76.01,42.5,-61.58
1762942331.4553173,30.22,-75.52,5.72,34.93,44.03,42.02,-18.93,59.41
1762942331.660454,-19.77,-0.87,-41.19,76.39,3.92,72.49,26.43,-6.54
1762942331.882334,36.3,66.88,-54.29,27.64,58.95,6.52,-66.41,67.92
1762942332.106317,-75.38,58.94,36.6,-43.78,-58.05,21.51,-76.26,62.76
1762942332.32251,34.7,-34.51,-26.95,0.24,14.8,-32.27,-25.75,-29.92
1762942332.5275612,-58.13,4.16,-67.96,11.89,-74.74,60.02,-37.03,55.44
1762942332.7335362,-30.05,67.15,-6.32,-51.7,16.23,-61.52,-52.08,-79.44
1762942332.938737,-9.66,67.29,-34.48,59.0,-33.96,-56.98,43.24,46.89
1762942333.1459923,15.42,-56.88,59.26,35.8,33.99,39.07,20.77,-58.39
1762942333.3569589,50.88,-2.6,-35.87,0.58,64.11,49.04,-1.99,-47.98
1762942333.557257,-67.56,33.0,-64.76,-15.24,-47.77,71.3,-76.65,-50.9
1762942333.7628298,-28.66,50.48,35.88,52.52,24.56,64.86,-41.55,50.09
1762942333.9684181,11.03,63.75,79.31,-20.21,-75.22,78.23,3.96,39.36
1762942334.1552668,29.81,61.4,-52.19,-49.76,-76.5,-1.17,-10.63,19.71
1762942334.3661215,74.05,30.14,-39.29,33.44,-53.69,71.95,27.19,-45.66
1762942334.572742,34.17,41.03,-60.7,42.02,-33.16,10.55,-67.77,-40.36
1762942334.7796485,-4.33,-29.86,-14.82,-63.78,-35.05,41.94,16.13,-69.43
1762942334.986524,-21.39,64.96,-27.07,46.46,-11.2,11.15,9.01,28.13
1762942335.1931639,-6.62,-9.8,33.7,58.22,74.17,-59.24,-8.34,38.48
1762942335.444979,-69.41,-65.29,-10.65,-41.67,66.04,-0.29,11.44,17.47
1762942335.651405,35.38,-79.27,-13.15,19.18,79.52,46.49,-60.87,39.37
1762942335.858239,-69.44,-58.66,-58.13,2.96,49.68,60.48,65.41,-12.44
1762942336.0653474,5.72,22.49,59.5,-43.55,-18.84,10.5,-52.66,2.08
1762942336.290524,38.52,-62.38,-25.77,22.55,9.49,79.91,57.81,17.83
1762942336.4974585,-61.06,-40.8,-7.18,21.93,-5.04,-70.53,38.39,-50.79
1762942336.705365,14.71,31.41,71.86,6.43,-62.07,61.07,-34.41,67.69
1762942336.9124503,40.97,-18.39,51.21,45.11,-50.14,-63.38,-64.41,-1.87
1762942337.1213112,-76.64,25.58,-77.89,-20.13,68.18,79.08,22.2,-74.14
1762942337.3600657,-15.65,64.23,34.84,-23.35,41.91,-65.21,8.43,45.97
1762942337.5819945,23.4,63.69,22.88,-2.62,-19.26,60.24,-57.47,25.64
1762942337.7901225,-69.82,58.87,7.61,30.11,-36.92,-0.02,46.95,-0.4
1762942337.9974756,29.84,56.68,-12.28,20.87,37.81,-65.91,-45.18,47.67
1762942338.2058456,13.45,-37.96,-62.55,38.84,48.12,59.41,-32.5,20.05
1762942338.4295723,-35.98,-51.29,-59.32,15.97,12.27,-14.55,65.83,57.61
1762942338.638741,62.22,-5.99,27.56,-5.75,-64.73,-46.37,36.02,41.71
1762942338.8460438,-1.05,-61.71,-60.95,-22.0,-9.72,-66.93,-72.65,-30.38
1762942339.0543575,40.87,-44.28,-31.39,-14.62,-35.21,9.15,46.29,51.61
1762942339.2781324,51.53,-53.25,20.94,22.46,-22.83,-72.06,28.77,-9.14
1762942339.5156946,-72.67,36.64,-37.25,-31.48,-7.71,-62.73,48.05,14.08
1762942339.722402,-17.53,55.48,26.82,-63.62,-50.52,57.67,26.67,16.86
1762942339.9300482,19.19,60.41,40.22,-48.14,34.86,-0.74,-76.59,73.93
1762942340.1381226,-53.39,-68.88,20.34,-73.2,21.47,-46.31,-40.48,-11.63
1762942340.3454778,-16.43,-0.4,-73.88,-28.58,-41.9,45.76,-39.47,-40.0
1762942340.600238,74.66,-6.93,7.92,55.47,-33.31,-8.9,61.6,49.75
1762942340.8079681,-56.17,76.38,-59.42,37.8,47.23,-60.64,2.9,-63.67
1762942341.015138,-47.58,21.41,44.95,-44.13,-75.82,39.04,67.53,-79.13
1762942341.2412534,60.06,68.1,-76.04,14.1,57.05,-16.25,22.03,-73.51
1762942341.48024,22.51,-20.6,18.24,-53.61,-72.24,4.18,-26.94,-63.5
1762942341.688231,-22.75,33.48,-67.33,33.65,66.47,72.51,-2.77,29.1
1762942341.8957634,14.65,13.88,-76.77,64.11,58.18,52.1,1.79,27.47
1762942342.1198468,64.77,46.1,43.28,-67.41,19.36,51.33,-23.68,60.41
1762942342.3278785,29.37,-53.48,4.36,25.43,-18.76,-65.86,43.04,27.28
1762942342.5353124,-2.8,4.11,-33.0,-51.6,42.7,29.41,42.71,-43.58
1762942342.7426322,77.86,-21.47,46.07,35.13,-54.72,7.93,-16.99,8.24
1762942342.9672182,-44.2,23.8,-29.18,26.34,-45.88,-21.12,0.53,71.32
1762942343.1744504,20.4,50.8,-61.01,66.27,-55.3,-38.85,53.98,-4.06
1762942343.3814063,16.19,-56.66,-55.33,72.97,-59.97,-11.62,41.01,67.87
1762942343.5899317,-34.32,-17.8,-24.11,52.55,-23.49,-35.32,-8.3,-62.22
1762942343.7981398,-24.32,44.59,-64.6,-29.79,46.91,-35.93,-61.14,31.59
1762942344.0208063,12.41,18.21,-16.21,-20.68,79.11,52.37,-59.06,-6.92
1762942344.2289202,-21.83,-62.36,-60.69,-5.3,-50.36,-45.61,-29.55,-68.99
1762942344.436577,16.58,-48.41,-67.27,29.31,54.57,28.98,9.58,27.22
1762942344.646842,-6.71,71.02,1.59,-77.99,-29.88,-22.0,-62.68,-74.24
1762942344.8672144,-53.26,-68.73,-15.42,68.39,15.18,-3.19,27.92,60.27
1762942345.0754995,-52.85,45.63,-50.14,12.75,-46.13,-61.33,78.47,-1.01
1762942345.2833781,74.65,-58.02,-43.26,31.06,65.42,39.13,-43.62,54.51
1762942345.4910858,-20.08,69.56,10.42,-5.36,22.5,-54.94,37.67,19.78
1762942345.6996684,-34.29,-53.32,51.09,26.21,47.2,42.14,-76.79,-47.74
1762942345.9061422,-57.64,-77.81,9.94,-49.81,-51.44,51.76,28.14,50.14
1762942346.1135762,17.27,11.53,-35.7,-73.02,-61.47,-62.49,-23.28,18.69
1762942346.321098,65.32,28.72,-5.33,-57.2,37.05,66.11,8.37,-16.55
1762942346.5287893,18.31,-18.3,-53.47,34.76,-12.59,-60.05,79.86,12.95
1762942346.7840195,66.77,36.83,22.65,70.2,27.69,-70.26,-26.88,-22.47
1762942347.0227008,-23.3,-6.39,-39.82,-58.87,-20.65,25.77,47.18,10.35
1762942347.4060416,-58.96,11.21,-62.12,-35.78,-33.83,-34.24,42.72,-31.1
1762942347.6174028,-48.09,-19.75,37.19,-23.59,-10.16,-74.9,53.53,79.87
1762942347.8538291,-10.95,-4.18,37.01,-70.4,-69.14,-17.68,-11.42,2.28
1762942348.1151724,-2.47,27.38,5.03,-75.19,21.48,-64.62,67.52,-47.31
1762942348.3294303,37.39,70.29,20.73,30.4,-41.53,-20.15,-21.92,-26.6
1762942348.5484972,-32.52,63.69,75.04,1.96,-35.9,-45.18,35.42,-75.51
1762942348.7862515,-52.67,-59.81,-25.9,-9.09,-11.8,58.39,46.94,-62.99
1762942348.9989102,-30.31,-60.09,30.85,11.68,-74.55,56.91,-44.73,-64.25
1762942349.2167485,-24.38,-7.64,-79.47,46.34,-58.99,40.27,74.0,72.05
1762942349.4475071,-68.46,56.49,53.6,-72.12,-21.26,41.24,7.22,-25.15
1762942349.6653404,-47.63,-77.95,36.08,-60.64,-0.01,72.48,6.58,-48.13
1762942349.8875208,78.9,-29.95,-18.62,19.45,-43.88,26.47,-29.81,59.9
1762942350.1125371,9.74,27.9,-28.47,-50.55,-29.1,9.38,-70.84,-1.29
1762942350.3231947,-2.46,58.88,-38.04,3.79,32.49,-48.36,76.54,51.2
1762942350.5509846,55.09,-38.31,78.72,12.13,-13.07,25.07,31.28,-44.02
1762942350.7963881,28.04,-73.09,69.34,-68.28,-37.0,-2.21,-0.62,-8.94
1762942351.0031414,20.36,-31.8,-41.22,57.62,-53.01,73.84,21.02,-14.39
1762942351.2189136,47.09,-34.26,-32.62,29.54,-39.25,-60.8,22.5,62.28
1762942351.458025,16.08,18.06,-22.07,-67.2,-0.35,-56.37,45.58,64.26
1762942351.6656518,-41.05,-49.25,5.57,-27.29,3.06,-38.85,-43.21,-49.96
1762942351.887162,-23.0,39.1,31.53,77.04,-61.09,-21.91,-67.39,2.32
1762942352.1269622,59.24,49.46,73.24,-49.89,43.59,-26.98,-11.98,63.76
1762942352.334861,-17.97,35.96,-35.79,6.75,-38.01,-18.56,74.44,-79.67
1762942352.5662444,-56.57,-46.95,67.86,-34.61,45.69,-33.15,-48.37,-9.53
1762942352.7863557,43.8,70.16,15.8,34.25,18.51,-50.06,21.97,-67.27
1762942352.994669,-31.64,-11.64,13.77,-71.22,-40.57,-25.57,-42.27,47.34
1762942353.215033,-21.58,8.94,26.55,-71.85,-39.95,2.98,-4.76,61.28
1762942353.4452577,51.89,52.34,56.32,49.66,64.52,18.56,-25.83,-63.75
1762942353.6652663,73.1,60.77,-31.03,-8.45,-6.38,-36.67,60.42,56.55
1762942353.8736184,77.76,-32.28,-15.14,-73.52,-17.75,-18.09,-54.25,79.78
1762942354.1722102,70.51,-1.57,34.66,-46.6,19.79,27.78,56.9,-61.2
1762942354.3795218,-19.6,62.06,-0.35,-71.66,-61.42,33.73,1.05,-18.32
1762942354.6020906,79.74,-34.06,-40.86,66.47,67.21,-6.24,68.87,10.12
1762942354.8791971,41.22,0.81,-16.38,34.28,-79.47,-19.01,-54.66,-63.94
1762942355.0860872,23.21,3.82,39.55,74.67,4.79,-17.87,57.01,-2.1
1762942355.3053982,-15.44,-39.23,50.83,-60.35,-26.18,68.07,71.84,-17.16
1762942355.5559046,-0.12,62.7,54.48,-54.34,-78.04,35.59,42.63,-40.96
1762942355.761864,28.0,33.64,-37.77,-14.09,-62.34,5.65,2.71,12.61
1762942355.9691935,33.16,-35.2,-63.97,-19.23,-27.03,-46.9,-69.86,1.36
1762942356.175496,56.18,-2.87,-68.9,62.41,20.61,-40.63,-19.56,-4.96
1762942356.3831522,-22.59,57.65,-77.77,-67.74,1.17,34.3,78.25,-7.92
1762942356.64078,-55.24,-4.61,68.61,17.02,-53.73,-50.39,26.72,44.02
1762942356.8484333,-28.9,52.26,32.2,-71.15,48.27,22.31,-38.37,39.35
1762942357.0561955,-41.15,54.05,-27.45,46.75,-25.22,-71.91,-62.08,0.57
1762942357.2788184,48.58,-5.8,55.79,5.6,18.85,6.19,-67.1,62.41
1762942357.4863045,-45.7,-35.59,14.59,-74.81,76.22,-63.9,-53.67,-45.45
1762942357.6943896,51.72,71.19,13.83,-21.99,-41.55,79.26,-44.8,72.92
1762942357.902978,-37.04,3.85,53.49,28.89,-73.24,30.61,-45.52,-75.0
1762942358.1089947,41.69,-70.0,13.17,47.04,26.56,78.14,-26.92,77.59
1762942358.3169339,56.42,42.38,8.89,-25.75,-22.24,17.52,-13.48,18.53
1762942358.524546,-49.45,-70.68,-56.71,27.93,-75.4,-58.5,-53.23,10.4
1762942358.7321744,-15.04,-57.1,-57.19,6.87,41.37,68.82,-57.42,11.92
1762942358.9390326,-32.79,37.03,-67.15,65.7,-16.79,-49.17,-20.48,56.47
1762942359.1464438,73.89,73.2,54.18,-22.41,-52.56,-21.51,-38.9,74.82
1762942359.3540509,4.16,29.17,76.65,48.34,-32.32,-22.18,64.52,75.73
1762942359.5613835,66.83,41.73,26.33,51.58,-51.68,-39.17,-64.09,-49.97
1762942359.7693493,-75.32,1.91,3.16,32.82,-34.21,42.5,59.46,-65.94
1762942359.9769948,30.13,31.93,-34.35,-64.81,53.35,-30.82,20.57,63.59
1762942360.1848679,35.48,41.43,48.4,42.76,-13.67,-73.68,77.49,15.25
1762942360.3916376,2.79,74.93,36.83,18.61,49.43,-34.69,-60.95,-72.55
1762942360.5997875,-13.11,-37.4,-13.34,31.12,43.2,-29.19,37.21,39.6
1762942360.8084276,-55.87,71.64,-68.64,-29.01,33.33,76.25,79.31,-65.49
1762942361.0160515,65.38,-66.81,-51.23,-43.87,1.44,-11.79,15.75,-38.3
1762942361.2237246,21.48,7.76,35.75,20.41,41.25,42.54,69.0,71.93
1762942361.4314299,35.02,75.0,74.87,51.81,25.44,13.53,-46.83,22.4
1762942361.639286,54.88,16.42,-58.89,-45.12,51.35,-17.54,27.35,-16.65
1762942361.8467684,-4.95,-39.8,0.68,-61.0,-52.14,-76.62,-48.73,51.71
1762942362.0544434,32.85,-33.22,-35.09,-3.48,0.6,36.35,-21.13,-77.11
1762942362.2927768,79.07,-69.53,-36.28,15.57,37.53,2.89,-10.41,70.22
1762942362.513537,15.07,26.64,45.63,-54.98,-72.38,-66.04,-35.45,2.28
1762942362.7182627,-15.25,-35.44,-5.34,-63.87,-4.91,43.98,-75.93,40.3
1762942362.9252152,59.44,32.6,59.89,56.94,-15.34,-62.28,-21.65,17.77
1762942363.1319418,9.63,-13.62,39.14,66.95,45.99,41.4,-71.78,-71.16
1762942363.367279,-32.14,-12.0,-60.17,-4.89,48.81,-22.8,61.35,34.27
1762942363.5775495,-22.92,-8.96,20.21,-70.96,-66.68,-56.46,55.6,-13.97
1762942363.7842023,4.69,30.04,-4.06,-22.63,37.59,18.87,1.36,25.88
1762942363.989895,72.74,6.18,-56.99,-33.93,21.35,-65.65,72.33,68.37
1762942364.1958027,62.52,35.84,-77.44,15.75,-51.86,40.41,-29.05,-39.15
1762942364.4269736,-26.67,1.0,41.51,-53.13,-15.07,-59.53,-18.2,25.99
1762942364.642079,75.07,18.83,-75.88,-38.11,-56.53,55.02,78.29,44.15
1762942364.8956645,4.96,4.11,-38.94,4.83,-51.36,-38.23,-39.34,-37.27
1762942365.1032858,14.57,64.02,35.09,6.03,-59.25,79.77,-35.81,6.64
1762942365.3100252,-27.92,75.01,-67.74,-32.16,-30.95,11.4,14.58,-56.84
1762942365.5161073,44.17,18.38,-79.74,40.02,-42.91,-3.2,-8.23,-25.55
1762942365.7210832,1.84,-52.77,-23.81,29.06,22.05,79.94,-55.38,53.37
1762942365.9419346,-62.36,50.69,-3.03,-78.52,-50.4,-36.76,-12.14,-26.52
1762942366.147279,-55.79,43.86,-65.63,55.92,20.46,20.19,-35.16,-76.02
1762942366.353102,-44.26,58.3,-4.28,-79.71,-68.51,-54.21,79.26,-35.95
1762942366.5657918,46.49,69.34,-69.17,78.34,-13.25,-7.85,9.68,64.2
1762942366.767905,-41.06,46.52,16.79,-5.25,-72.06,29.91,50.64,-65.52
1762942366.9750385,43.47,-69.37,75.89,-22.09,-37.1,57.7,45.4,-53.1
1762942367.181893,-75.58,47.5,-22.92,-48.24,78.84,49.12,6.54,-45.48
1762942367.390809,71.28,-60.38,-26.72,-51.42,63.0,71.03,-27.36,23.68
1762942367.6128058,76.32,-31.44,6.48,-59.75,-50.8,-47.2,61.25,61.07
1762942367.8211253,-27.73,-0.8,-67.11,44.26,4.17,70.76,25.37,51.63
1762942368.0293393,66.83,-57.89,59.78,-60.02,-14.3,50.95,49.24,-46.61
1762942368.2371705,-50.54,58.24,70.16,-4.9,-61.76,72.99,-67.01,-51.88
1762942368.4578955,-49.55,-38.33,-69.89,49.19,-54.99,43.37,-53.85,22.15
1762942368.6633518,-48.4,-30.08,-28.34,11.84,20.43,-75.88,46.78,46.06
1762942368.872139,-33.48,-15.22,72.53,41.63,-18.82,69.68,76.75,-4.4
1762942369.0960903,67.46,-63.44,1.33,49.0,-2.96,3.03,47.35,28.75
1762942369.3212826,-55.8,-22.37,-36.52,40.46,35.63,-60.26,-55.54,68.15
1762942369.5289693,-21.81,19.82,-33.49,46.69,-55.93,65.07,-46.57,-40.31
1762942369.7369323,-36.25,-30.38,-18.93,68.2,54.97,-17.39,76.16,15.74
1762942369.948416,-63.72,-9.36,-17.18,-58.58,-72.93,27.72,-48.68,22.6
1762942370.1696336,17.19,27.71,16.83,-42.69,-38.93,-76.28,-60.67,24.05
1762942370.377476,-31.64,-21.16,38.2,-42.99,-72.21,-20.21,-69.26,77.67
1762942370.5848756,72.7,-16.87,45.27,58.65,68.62,54.06,36.49,-39.62
1762942370.7993279,44.69,-60.89,-48.4,-36.4,67.71,49.09,-66.82,47.75
1762942371.018741,-43.94,-35.64,-66.51,1.71,35.73,35.8,10.02,47.47
1762942371.2261803,53.2,-55.46,29.0,-37.09,32.38,8.01,-36.37,9.43
1762942371.4323897,5.86,-20.16,-42.0,63.6,44.22,-30.21,11.97,-58.83
1762942371.6579537,-9.54,73.71,-0.18,-70.9,64.58,60.35,13.28,-78.29
1762942371.8640814,26.59,-43.15,41.05,3.0,-61.25,30.63,-2.13,-6.58
1762942372.0720117,-65.94,-12.07,-32.06,-23.26,-54.5,-39.95,78.31,40.16
1762942372.2794964,73.02,-68.39,76.35,-54.5,-59.0,73.51,-41.08,9.41
1762942372.5042922,-66.81,-29.9,-45.98,29.57,29.46,5.8,52.37,58.0
1762942372.7115335,-28.57,53.47,-40.19,64.1,-34.08,-36.57,-38.4,73.08
1762942372.9195642,-56.7,-55.53,-63.06,-39.53,66.68,8.64,65.61,-1.29
1762942373.12531,34.97,-61.59,46.19,50.34,73.29,62.31,55.32,-56.98
1762942373.3312635,18.4,-21.22,-56.18,-37.0,-54.86,-13.55,-7.91,4.18
1762942373.535883,-73.21,-53.74,74.78,24.7,-11.58,23.06,-26.32,73.68
1762942373.7415147,44.69,36.18,60.9,-64.38,-75.61,9.62,12.2,43.75
1762942373.9478474,57.69,13.32,0.53,-11.36,6.97,48.34,23.97,-38.17
1762942374.153561,-67.42,19.08,78.59,8.01,-41.86,-61.93,-25.59,-79.72
1762942374.376,-27.13,-57.43,72.42,-6.01,-63.22,37.78,-66.02,-14.6
1762942374.5813527,-72.68,70.78,-4.29,-52.44,60.02,66.96,-23.79,28.45
1762942374.787817,64.78,-34.76,-66.61,28.31,15.24,64.28,-17.79,18.48
1762942374.995429,-31.69,15.39,45.62,-18.65,-43.49,77.92,63.23,-76.87
1762942375.2036455,-53.51,43.82,33.3,14.27,13.69,-7.34,51.59,-66.27
1762942375.426851,64.15,-66.47,-72.93,6.37,-55.32,69.44,-46.93,56.9
1762942375.634505,14.84,-8.63,-31.54,-31.77,44.28,31.25,-57.49,-21.15
1762942375.8416228,-29.01,-39.67,-48.12,65.62,-69.96,-13.29,-9.4,-77.37
1762942376.0656419,-49.33,-32.2,20.83,55.03,41.77,-42.37,-43.54,9.4
1762942376.274046,-74.23,-67.01,51.57,-50.27,41.14,-10.46,-20.2,-33.1
1762942376.4812534,64.56,65.89,-72.09,-24.29,-25.05,5.81,35.71,23.71
1762942376.6886241,11.62,-62.66,61.24,-30.99,10.65,34.11,-58.57,45.0
1762942376.8954291,59.59,-40.05,76.65,70.59,-20.6,-71.66,15.45,-19.28
1762942377.104484,-74.64,1.04,56.93,46.65,48.42,-59.79,16.48,30.31
1762942377.3597765,2.73,-53.67,71.29,-63.15,-8.32,39.17,26.5,31.55
1762942377.5659468,79.34,42.88,58.79,-9.9,0.93,-37.93,-50.32,23.85
1762942377.7733095,67.56,4.21,27.67,-74.23,78.87,-72.59,-66.21,-44.42
1762942378.0040936,18.15,-15.46,-56.38,-71.73,10.4,62.3,52.25,-46.63
1762942378.2190583,52.13,-42.5,74.3,-38.47,6.5,72.54,-5.6,-47.87
1762942378.458504,-30.24,69.48,-12.74,2.55,-3.91,19.82,50.8,75.97
1762942378.663876,26.63,-64.41,-74.91,-13.54,-78.26,68.01,55.47,-6.69
1762942378.8711188,21.43,53.26,5.95,7.98,-26.78,-2.27,60.38,78.51
1762942379.094809,-47.29,70.4,-61.55,36.53,-42.29,-53.69,27.6,-28.5
1762942379.3382528,-69.43,66.17,72.8,-17.45,-10.45,-31.26,24.02,-21.29
1762942379.5756276,27.0,25.92,-22.54,-49.92,-73.95,-46.34,-19.34,-68.67
1762942379.7828894,-35.88,-15.96,-16.82,-76.15,79.66,30.27,65.41,-75.46
1762942379.9910483,38.72,49.27,5.03,-77.93,14.38,40.98,22.88,-26.97
1762942380.1976483,28.9,79.4,-37.29,10.6,49.95,34.01,-25.56,-52.62
1762942380.4207046,54.16,57.77,-6.53,19.72,-35.39,41.75,-56.51,30.68
1762942380.6434186,59.0,79.92,62.5,74.08,-33.74,21.55,-26.91,7.89
1762942380.8509817,-12.55,39.18,58.76,-13.76,70.65,-3.06,46.86,-41.22
1762942381.058545,-77.53,-8.63,-31.57,-62.25,68.32,57.8,-71.76,57.59
1762942381.2822242,26.77,50.77,60.41,66.44,56.07,7.39,-41.71,-39.69
1762942381.5044894,-58.89,66.87,12.19,-3.62,-25.66,-46.06,-23.13,19.07
1762942381.7119877,66.83,-79.6,46.01,-30.49,-55.42,-61.45,47.95,34.19
1762942381.9034934,-34.79,10.96,-48.18,-23.48,-75.82,-30.28,-19.54,-53.87
1762942382.1331134,-38.53,-32.33,-56.34,-0.35,30.62,12.1,-25.21,-36.59
1762942382.3960485,24.26,-42.23,-15.63,13.23,-33.53,58.4,-50.18,74.06
1762942382.6033003,18.19,-19.9,40.29,47.18,5.14,38.66,-8.3,42.58
1762942382.8098223,47.24,-5.33,-24.73,27.17,32.32,31.09,59.75,-78.82
1762942383.0325568,65.16,26.62,-47.13,5.63,-23.11,57.41,-54.79,13.27
1762942383.240831,-52.7,33.23,-40.78,11.51,-79.57,-77.79,23.25,-54.64
1762942383.4468331,43.17,21.89,-26.19,-57.61,-39.18,2.61,-40.47,-78.85
1762942383.6554544,75.05,14.63,19.19,-13.79,-8.7,33.74,-3.29,78.99
1762942383.8620875,-6.38,9.0,27.08,-59.79,16.9,2.5,-58.52,3.37
1762942384.0697188,-11.71,76.23,-46.64,66.77,3.12,54.43,51.1,29.21
1762942384.291666,6.89,19.6,-16.08,39.46,63.9,-55.12,-5.84,20.66
1762942384.498864,40.02,-14.43,70.92,-36.07,-78.75,41.24,70.88,-58.73
1762942384.7063668,20.88,1.62,5.26,-44.54,19.46,-58.65,-61.11,-14.33
1762942384.948395,0.32,54.92,-61.66,-41.87,15.01,-49.71,-32.73,32.03
1762942385.1692445,3.47,-55.17,-67.0,35.44,-17.55,-12.51,-72.88,-54.57
1762942385.3767767,28.89,-47.02,47.78,13.98,-46.58,22.95,68.41,36.76
1762942385.585013,-43.43,-16.78,3.09,33.11,-71.71,71.77,38.05,-66.37
1762942385.7923865,48.79,-33.09,-24.29,-45.65,63.78,-6.83,56.77,36.89
1762942385.999015,-40.89,32.9,-29.46,57.29,42.47,20.05,64.51,51.56
1762942386.2065892,2.58,-38.29,-5.56,60.97,-43.62,3.2,6.51,-13.45
1762942386.4127436,25.0,32.69,-20.87,8.92,40.92,62.54,10.85,41.93
1762942386.6293814,-27.68,24.46,-33.1,43.35,73.03,-17.58,13.42,25.5
1762942386.8273022,14.27,-71.09,70.2,-43.04,-27.45,-47.12,-54.79,12.83
1762942387.0355413,14.07,-35.49,49.49,-40.89,-15.06,79.81,52.79,-32.08
1762942387.2431648,-66.09,-64.28,10.75,79.31,53.94,-59.81,-55.43,14.54
1762942387.4675443,65.21,26.81,-42.7,-75.38,-21.42,56.26,38.84,68.37
1762942387.7069366,2.22,34.06,-4.95,13.56,18.0,-77.71,39.8,12.91
1762942387.9792612,71.81,-60.46,35.85,-35.93,1.13,76.14,-51.77,41.31
1762942388.2358854,-29.85,6.09,18.55,29.18,-73.99,60.88,-19.65,-55.45
1762942388.4432094,-2.01,59.38,-21.32,-52.67,10.18,74.55,19.02,-76.38
1762942388.6503806,-57.97,27.99,50.24,-70.57,-22.89,-2.82,76.64,-68.76
1762942388.8573537,-62.66,-52.05,-57.05,29.44,-22.15,-34.1,17.83,-25.17
1762942389.0818052,-69.89,-66.78,-57.67,-79.01,44.39,56.17,-27.4,76.27
1762942389.2880526,17.68,-10.23,-79.21,42.04,-17.02,-32.07,-27.16,65.72
1762942389.495687,11.43,-11.0,-46.94,22.1,-77.12,-40.16,-74.02,38.26
1762942389.7044046,-52.3,-27.43,-57.59,1.72,34.27,-3.07,42.23,-53.62
1762942389.9127886,-71.53,61.49,42.21,-50.97,18.9,6.91,-68.0,-1.17
1762942390.1211216,-44.42,31.84,-2.35,-73.76,32.37,25.25,-17.15,11.44
1762942390.3287272,8.06,76.64,-28.78,-37.11,9.49,36.52,-29.14,24.67
1762942390.534428,-51.13,-45.57,-0.92,15.71,62.69,-26.97,45.9,-44.66
1762942390.7399788,-50.68,-54.03,11.19,-32.48,64.19,16.83,29.71,-13.96
1762942390.9459143,-79.16,-78.13,34.55,-56.64,78.17,55.11,-57.37,50.75
1762942391.1718197,-50.9,-63.54,67.33,-17.23,27.11,-33.69,-15.25,31.98
1762942391.3777175,-11.01,4.07,41.99,-46.58,-79.7,58.64,11.96,-7.96
1762942391.5862603,58.83,76.3,30.3,68.86,24.9,49.82,12.64,-78.86
1762942391.7921474,71.7,43.4,70.17,-19.79,-4.02,-59.35,-66.21,59.62
1762942391.9994743,-55.86,58.54,-25.5,-72.03,-18.22,-16.34,-14.97,29.14
1762942392.2222652,-5.18,-26.12,-33.46,-64.52,-58.09,76.23,13.3,-26.15
1762942392.4288044,1.83,46.8,27.0,72.86,-60.99,-55.27,-16.2,-40.14
1762942392.6343148,25.54,-34.01,23.15,-59.71,-16.49,31.66,-63.25,44.08
1762942392.8404555,66.14,-24.22,-62.16,-36.26,12.75,-54.88,-44.34,-60.31
1762942393.0793118,64.84,70.08,-35.79,-44.8,-33.32,-18.63,-77.55,61.01
1762942393.3010125,58.39,-71.3,78.52,18.56,51.14,21.27,5.14,-64.23
1762942393.5068526,-47.41,11.88,-40.17,55.04,49.65,-57.68,15.59,31.89
1762942393.7346003,26.62,67.48,45.84,36.07,-73.58,2.03,47.64,20.85
1762942393.949196,25.75,-59.94,30.35,-57.26,19.67,66.08,-31.7,-75.17
1762942394.1588213,-55.55,72.28,24.43,-55.93,13.34,65.99,-40.84,-8.61
1762942394.3771908,60.1,-78.72,13.02,33.93,-9.3,-21.08,37.6,77.48
1762942394.589218,-68.98,30.68,58.58,-12.72,15.88,-64.47,24.6,58.44
1762942394.8069172,0.72,-25.43,49.99,-75.96,77.47,59.74,37.46,-45.26
1762942395.0272932,64.4,-26.85,5.65,71.67,45.81,-0.74,40.51,-58.28
1762942395.2399554,44.53,-45.11,-73.73,18.07,-61.68,-66.99,-28.23,28.13
1762942395.4726326,-15.07,24.39,62.51,28.99,5.07,35.06,66.71,11.31
1762942395.6770637,25.57,-35.46,11.24,-49.54,21.17,69.33,-8.88,65.03
1762942395.8825543,27.72,-17.89,-38.52,-1.59,73.41,26.57,-58.26,-71.38
1762942396.0892985,55.78,-24.32,38.33,-74.31,-1.79,-67.12,55.17,25.87
1762942396.2955897,-5.57,-33.0,-4.21,-23.2,25.12,44.22,-8.19,68.99
1762942396.5021248,18.37,-41.36,-6.31,28.84,-78.51,-49.97,48.1,16.83
1762942396.7247903,-53.65,-29.55,20.6,-77.82,0.11,23.22,-57.07,76.78
1762942396.9322371,61.74,62.04,5.93,-73.64,-59.14,-64.16,-59.35,-8.22
1762942397.1385593,46.87,-55.04,26.03,20.39,-28.39,-29.48,-13.6,12.69
1762942397.3461387,-76.1,31.39,-13.03,-69.66,-78.77,-14.83,58.81,-43.06
1762942397.5541852,-26.24,-51.31,-21.96,3.22,31.77,35.33,73.49,17.16
1762942397.761495,-54.97,-54.99,7.85,-38.22,56.02,-73.77,-54.87,-73.13
1762942397.9696667,-44.25,5.66,-45.63,9.31,1.85,14.73,-51.65,18.19
1762942398.1764774,-74.42,37.41,-59.85,-50.6,-13.11,-13.1,-0.01,38.17
1762942398.3891997,60.61,-13.01,14.14,76.48,73.25,4.82,31.9,28.16
1762942398.6047258,-75.53,-75.76,6.57,1.47,-41.94,-54.24,-26.67,75.59
1762942398.8107255,2.34,39.29,27.33,73.68,4.93,-7.78,-40.42,-66.87
1762942399.0198565,7.31,31.9,77.42,59.37,55.98,68.87,4.75,10.08
1762942399.291592,-8.56,-38.58,8.97,-59.7,-28.19,-27.88,-19.87,24.29
1762942399.4958172,17.54,-27.35,-36.01,22.97,20.32,-65.78,45.12,75.62
1762942399.703258,63.01,31.2,61.34,47.97,63.09,-14.32,-25.49,28.28
1762942399.9133162,-44.4,29.25,73.04,-3.59,-19.55,20.54,-69.15,-30.17
1762942400.1340642,68.3,-44.7,-50.87,40.18,-50.71,10.86,-3.31,-47.61
1762942400.3411129,38.23,-26.13,-16.55,51.38,71.84,38.81,-66.17,24.72
1762942400.5462136,44.51,-47.74,-9.39,55.75,71.67,34.52,6.24,79.77
1762942400.753627,-67.94,47.05,-78.66,-57.53,-61.86,2.79,-17.86,-65.35
1762942400.9732757,5.06,-40.58,-4.34,7.61,59.85,78.06,-2.6,-18.49
1762942401.1843202,-11.57,-48.03,-76.24,69.1,18.13,-49.22,-54.71,59.33
1762942401.3892882,16.21,28.06,-45.76,13.46,-69.35,-11.9,55.13,2.19
1762942401.5946603,24.04,72.36,2.23,25.97,17.94,6.9,-28.94,29.63
1762942401.8172283,58.38,-26.0,-6.41,22.98,-36.98,14.31,-12.15,-69.87
1762942402.039818,-43.16,-70.89,49.21,69.93,-72.47,13.68,16.14,59.5
1762942402.269916,-74.52,15.1,-10.34,27.96,-77.35,24.41,-43.99,27.52
1762942402.4852843,68.96,-40.44,-37.4,64.98,2.46,4.46,-50.69,-12.8
1762942402.7398186,-77.06,53.88,25.26,-70.32,73.6,45.37,60.47,8.43
1762942402.9468043,78.96,36.4,-63.09,-16.57,-41.74,-22.51,74.28,41.38
1762942403.153381,64.05,-53.92,-21.15,20.56,19.72,-73.98,19.3,-46.0
1762942403.3602555,73.21,-60.35,-14.28,-12.81,-29.43,-46.16,-71.88,-73.66
1762942403.5671105,-37.71,0.4,28.83,-43.18,45.53,40.32,57.98,27.29
1762942403.7733963,-58.65,-52.15,-25.48,38.83,36.78,-31.76,-55.08,-53.71
1762942403.996062,78.65,57.13,29.69,39.88,-27.64,-66.43,74.37,-73.52
1762942404.203354,24.24,37.72,-11.55,4.86,-42.44,61.46,70.34,64.6
1762942404.4346051,-69.08,-77.69,-31.63,-41.89,-15.74,-3.68,-51.37,-7.25
1762942404.650186,-55.35,47.72,-61.11,-9.74,28.4,-18.75,26.14,20.15
1762942404.8895726,42.15,20.88,37.5,-3.71,-2.97,-13.76,54.01,3.14
1762942405.0970364,43.13,-56.05,-2.87,16.26,67.8,59.71,-16.64,-40.97
1762942405.3056483,69.6,41.56,-3.15,-69.1,39.74,33.54,-75.25,-9.41
1762942405.5132964,62.53,78.98,69.15,-58.01,-67.74,33.22,-32.61,-11.82
1762942405.7215972,-69.6,46.99,-68.77,-23.81,74.47,35.32,-0.01,-19.18
1762942405.9303048,59.41,29.41,24.11,-12.96,37.35,31.57,2.45,77.32
1762942406.1377897,-56.84,-28.94,52.54,-42.55,49.21,67.31,7.13,-28.46
1762942406.3597631,33.26,-7.45,69.84,15.25,-48.22,-75.8,78.01,-76.24
1762942406.5661817,-61.52,-76.53,3.67,55.41,-2.15,63.98,-42.65,-46.74
1762942406.7733982,22.34,12.36,65.7,-72.95,68.36,76.9,-65.79,-40.03
1762942406.9800808,70.78,-47.89,-74.13,58.25,-70.9,40.51,32.36,39.49
1762942407.186915,16.2,-68.85,-72.93,74.79,56.76,-45.28,-0.55,6.74
1762942407.3943737,30.24,76.8,-7.78,58.87,63.79,-19.49,-26.41,-74.24
1762942407.606386,-60.53,-26.29,-14.07,-46.96,-4.99,-75.7,48.58,11.07
1762942407.8213532,-13.22,51.61,-37.61,-69.41,-55.08,-54.96,-18.72,-14.16
1762942408.0293896,-44.85,-30.21,-45.75,30.25,38.18,-41.19,-33.27,63.18
1762942408.2508266,9.98,65.41,-13.2,-61.78,-41.56,29.73,-61.83,-15.35
1762942408.4743536,-32.12,61.34,69.87,9.47,30.42,-26.66,7.54,70.25
1762942408.681341,39.32,62.77,-72.4,20.92,74.88,56.85,32.13,-3.24
1762942408.90207,52.59,-44.2,-72.16,13.51,68.02,50.7,-5.9,75.67
1762942409.1080651,14.15,-70.61,70.87,65.58,-9.16,66.46,-8.83,3.37
1762942409.3156385,-2.17,-65.52,-58.06,-61.2,28.89,-69.72,63.53,-63.5
1762942409.5233104,20.3,57.18,41.03,-79.05,-16.95,-53.22,44.08,-44.44
1762942409.7311766,-50.71,32.06,60.14,73.1,-42.11,-20.26,-36.62,-72.12
1762942409.9390795,64.79,70.24,-76.97,30.54,12.95,14.25,66.59,-73.18
1762942410.1472833,-31.6,66.61,44.93,-25.57,-24.87,-62.06,-55.51,37.66
1762942410.3565238,26.43,27.45,-49.68,-17.13,69.25,-35.19,-42.9,11.62
1762942410.564366,76.6,-12.5,-14.56,-56.51,16.67,13.53,-67.22,71.4
1762942410.772936,-2.12,15.79,-46.77,31.24,-76.11,-79.15,-35.5,7.17
1762942410.9804237,-55.76,-4.02,73.81,31.6,57.51,-37.57,-30.17,11.88
1762942411.2022321,-42.22,-29.84,-28.76,-53.14,-43.55,21.15,33.59,28.79
1762942411.4093876,-58.01,-17.68,2.6,-68.94,-24.77,-46.39,14.83,65.85
1762942411.6175926,-39.36,-20.79,-15.88,46.07,30.81,42.23,32.9,7.09
1762942411.8250682,75.59,62.12,12.81,-54.36,-48.62,62.01,77.4,63.61
1762942412.0323358,42.64,-47.77,10.67,51.9,0.03,17.39,-19.94,16.75
1762942412.2690632,63.0,9.87,-77.34,-58.32,-2.14,-35.31,47.01,-28.98
1762942412.4917386,75.21,-22.6,45.63,51.63,-41.68,25.97,75.19,-16.6
1762942412.6988578,-5.66,-2.14,41.95,-78.11,-32.75,19.29,-27.71,49.54
1762942412.9072897,-43.43,8.56,-61.51,-61.85,50.43,27.4,52.86,47.43
1762942413.114621,-11.43,48.68,-69.73,20.46,43.46,-13.73,-39.81,-29.98
1762942413.3231566,53.29,-8.48,11.53,-39.58,-55.45,60.12,13.47,-31.74
1762942413.562559,-64.92,5.19,-57.57,-23.4,62.2,-45.97,-15.21,-60.46
1762942413.8021343,39.65,1.37,-1.09,-77.1,20.77,1.2,24.28,-16.25
1762942414.0098279,32.08,-72.49,8.81,-5.99,-13.87,38.1,15.18,-63.76
1762942414.2009978,-76.63,0.38,-59.91,-74.18,-59.13,28.49,-47.7,79.74
1762942414.4091198,-79.0,-17.16,-70.46,41.87,61.0,-60.89,-35.18,57.17
1762942414.6171937,31.53,33.67,-72.83,-78.62,65.72,-37.81,56.63,77.52
1762942414.8252406,-18.91,17.53,15.93,38.49,-45.47,65.03,-65.31,14.55
1762942415.0332065,-19.08,5.53,22.08,24.11,-7.86,-42.93,-42.55,31.2
1762942415.2576535,-61.11,5.11,55.32,-53.84,-32.25,-19.89,-14.78,40.84
1762942415.4945743,-62.53,65.11,54.98,46.43,-40.77,53.0,41.53,44.16
1762942415.701121,9.93,-11.08,-59.03,-1.98,-24.86,56.48,-39.24,-49.9
1762942415.90806,78.99,-27.68,-12.9,-63.15,37.27,47.09,25.52,-3.19
1762942416.1146655,43.12,65.28,31.88,24.62,-61.33,-8.8,-3.73,-31.26
1762942416.3214066,-32.03,-18.24,56.33,-14.55,5.02,-58.21,-14.85,-0.85
1762942416.5501616,67.91,57.01,66.5,66.16,60.73,35.49,34.28,37.46
1762942416.7673674,-47.88,48.9,38.61,43.6,18.75,-35.33,-43.86,36.08
1762942416.9728637,26.32,-57.7,40.44,11.67,8.57,29.01,-5.78,72.7
1762942417.1790166,21.93,-6.83,79.86,-79.19,45.8,50.39,-40.24,-26.33
1762942417.3854387,-13.85,-73.68,37.86,9.8,-4.88,-32.86,28.01,3.39
1762942417.5924475,23.22,20.88,-44.98,31.59,-64.6,-27.55,4.53,-79.31
1762942417.8141806,59.64,-11.68,-57.37,-10.62,-58.39,-38.96,38.62,-44.9
1762942418.0221758,-3.68,18.77,-4.79,-37.77,-29.38,69.82,-62.89,52.29
1762942418.2325046,-68.54,-5.23,-33.01,-21.56,-40.65,-38.67,47.21,-20.14
1762942418.453542,15.18,56.23,60.84,14.89,36.0,15.87,-47.01,70.55
1762942418.6940339,-44.68,-21.05,-33.8,-73.93,-12.27,62.85,38.45,1.14
1762942418.9333518,-44.89,8.73,18.54,-62.76,37.14,-11.71,-15.26,-26.26
1762942419.1586573,-27.75,66.14,70.63,64.23,-11.18,29.97,-60.37,-21.12
1762942419.378918,39.99,-26.74,-71.43,-79.43,30.68,-36.77,-41.68,-20.22
1762942419.5882688,-67.59,-36.78,-62.93,-35.17,15.23,-66.7,62.0,25.26
1762942419.791675,-71.62,30.08,67.61,-66.1,79.78,14.25,-10.62,2.82
1762942420.0151458,64.09,40.13,-68.93,55.04,-43.52,34.76,-40.26,71.63
1762942420.2372825,18.79,-77.99,-7.19,36.12,21.74,-53.76,40.62,59.76
1762942420.444618,67.3,-76.02,-54.33,49.19,31.83,6.12,-20.21,-74.43
1762942420.653562,18.14,-8.27,74.63,-23.42,-1.25,-31.19,68.58,-26.13
1762942420.8940363,-14.46,-42.07,51.03,-64.94,-23.95,-59.18,-69.43,-50.17
1762942421.134069,32.61,21.13,-51.96,63.95,20.73,38.59,-75.07,-70.99
1762942421.3416746,-65.33,57.51,-5.86,13.27,70.98,31.79,79.24,-28.15
1762942421.5489554,-2.78,-70.51,-62.64,29.2,61.74,-23.46,-24.07,59.02
1762942421.7556088,3.28,19.39,-66.21,-58.05,-11.86,12.07,27.29,-71.2
1762942421.9636242,35.64,-41.59,-66.48,-41.83,-9.71,-25.83,47.23,54.87
1762942422.171222,-53.88,-5.53,13.88,-16.19,-45.69,72.59,-10.91,-69.01
1762942422.3785605,39.54,-42.1,-34.94,-28.27,-33.74,60.88,-35.41,-58.02
1762942422.5857143,-24.31,-62.43,-54.35,-66.43,42.32,3.37,58.65,-53.81
1762942422.8225582,17.94,-39.6,38.91,21.55,55.63,-68.71,57.08,-28.22
1762942423.0279481,-39.95,74.85,-19.41,27.85,40.74,25.54,18.94,28.36
1762942423.249971,13.39,35.17,-37.08,-11.56,72.31,-17.58,61.1,-2.15
1762942423.4562376,-41.87,-24.89,-17.25,60.47,-53.27,59.3,-38.97,-66.98
1762942423.662717,19.9,77.15,-68.43,47.97,-45.3,56.12,-38.82,-54.9
1762942423.8682666,72.17,61.49,58.47,33.61,-12.98,58.24,64.07,25.84
1762942424.0746682,-49.19,69.68,76.06,79.43,-50.97,-60.78,-75.27,27.71
1762942424.281141,-4.12,47.78,-77.34,-8.85,33.0,71.79,66.07,11.12
1762942424.4853072,26.51,-0.76,-72.1,-36.5,69.61,-76.39,73.3,69.21
1762942424.69286,-15.43,28.07,-31.13,58.48,72.83,17.9,-63.3,57.56
1762942424.8990505,14.92,-20.84,10.76,-2.14,47.85,79.88,-40.27,25.94
1762942425.1056316,34.04,10.8,68.54,7.3,-56.33,-67.54,-8.27,7.28
1762942425.3234205,-68.0,-4.04,20.49,-41.72,-57.78,-55.03,48.15,16.95
1762942425.536769,0.11,-1.37,-5.98,-41.93,6.25,-72.73,69.76,0.98
1762942425.7736962,31.04,-65.35,-0.93,-11.48,1.44,-75.96,-40.22,-76.67
1762942426.012335,-2.32,-73.79,22.16,-72.13,18.42,-39.38,-50.36,68.62
1762942426.2180948,-48.42,56.24,28.02,28.61,-0.35,35.57,15.83,-32.55
1762942426.4257321,58.19,-31.49,54.43,-33.8,-62.42,-9.7,-48.86,62.09
1762942426.6330273,-71.56,3.57,1.06,62.78,41.34,-58.51,-30.07,77.64
1762942426.8401,21.98,68.74,-52.68,-14.56,-37.58,-50.11,41.84,-13.96
1762942427.0468023,-14.09,-34.73,-54.46,-65.66,45.02,23.2,-39.82,-67.56
1762942427.254908,55.46,65.88,-77.65,21.16,-79.01,42.04,35.25,57.7
1762942427.4625413,-9.67,-57.07,-34.53,63.87,38.15,-8.44,-13.86,-30.59
1762942427.6717455,31.37,76.4,70.16,-61.48,43.56,79.49,59.56,57.51
1762942427.8790712,-74.71,-27.3,-50.31,-14.72,26.96,29.89,59.25,72.62
1762942428.0877771,-8.92,79.39,14.08,71.27,-49.83,15.89,48.35,-30.61
1762942428.2964125,15.28,13.95,-31.7,-65.28,-55.11,58.09,1.66,-36.15
1762942428.503722,-52.27,-46.5,39.99,68.94,-41.69,-26.04,-65.35,75.62
1762942428.7113867,49.26,-16.42,-55.36,-17.18,-16.45,-62.35,50.87,0.76
1762942428.9193451,-31.83,-29.75,0.88,-40.11,-70.63,-54.03,76.39,29.9
1762942429.1593974,-44.76,-70.85,27.57,-63.85,-69.11,-30.44,-46.59,42.3
1762942429.3982592,-53.19,-79.71,22.94,-13.28,-5.86,-50.35,-10.38,66.18
1762942429.60672,51.42,24.51,9.38,-44.49,-23.11,-17.4,38.39,63.55
1762942429.8140981,72.06,17.17,-26.54,-43.03,-22.26,-56.68,-45.39,-57.23
1762942430.0224285,-1.49,-55.39,35.67,58.15,24.27,-60.42,-4.22,42.55
1762942430.230789,-12.02,-11.19,-60.7,7.24,-4.6,-45.04,-79.01,57.58
1762942430.439507,-40.61,-16.34,-49.39,-63.62,57.0,-7.74,-54.42,-66.59
1762942430.648584,12.82,12.04,-59.11,77.76,-24.22,75.4,37.45,-8.79
1762942430.854177,-55.95,-22.25,-45.15,57.73,-33.31,-78.11,70.2,41.79
1762942431.0625584,-47.57,-41.49,23.67,-47.88,34.62,40.44,54.2,-53.42
1762942431.2713168,-15.41,52.9,7.98,69.36,-57.28,-37.16,11.45,-55.59
1762942431.4787467,-52.17,57.05,21.62,17.83,39.65,76.16,12.03,-62.07
1762942431.6873426,-77.31,-74.59,76.62,-25.35,-47.2,16.15,-2.14,-4.41
1762942431.8942175,19.48,-54.9,76.01,69.56,64.23,79.6,16.24,76.78
1762942432.101276,-1.27,-25.8,48.05,-65.66,-47.63,33.47,-51.29,5.12
1762942432.3097436,57.55,18.71,-33.86,68.9,-62.93,19.64,-56.54,34.55
1762942432.5499952,-73.5,18.67,27.43,-56.46,-64.35,-63.37,-8.26,35.31
1762942432.7893949,-39.08,79.12,30.76,-42.7,-32.65,36.89,50.26,1.41
1762942433.0280151,2.32,68.4,-51.91,23.06,0.82,-37.67,-42.07,-53.94
1762942433.268536,35.16,12.5,38.53,-61.0,-75.45,69.47,28.1,-46.01
1762942433.5243585,-69.05,-25.77,62.59,-75.13,57.32,-13.76,-60.02,-52.12
1762942433.7638903,-59.39,31.82,24.14,12.65,39.34,32.15,77.62,39.61
1762942433.9717035,63.62,43.46,79.86,-73.93,-15.56,-55.07,-3.99,48.2
1762942434.1784294,76.38,-8.81,-28.32,-43.14,31.55,-78.45,-21.36,11.78
1762942434.3848662,-39.04,37.8,47.48,-9.18,-7.15,-50.78,-12.66,-0.04
1762942434.5930948,-16.31,-40.67,-5.51,22.57,69.99,-50.14,-22.2,-79.62
1762942434.8002167,-37.04,-51.61,77.55,79.57,62.3,64.18,-47.97,45.2
1762942435.0068247,-44.84,57.07,-43.78,41.39,0.72,-68.84,41.16,-72.27
1762942435.225223,-23.6,23.25,37.59,11.5,38.81,70.43,18.09,8.91
1762942435.4392583,-42.99,-47.09,56.13,-54.37,-33.49,57.41,-68.06,-22.2
1762942435.6950188,-31.66,33.49,28.78,-78.03,5.37,-9.5,-26.1,-5.28
1762942435.9019809,54.34,-15.21,-5.27,35.77,-5.77,-37.33,-64.1,78.76
1762942436.110057,72.45,40.1,-35.36,-33.9,43.13,-14.29,-65.32,20.8
1762942436.3177726,1.95,-37.53,-48.79,66.36,-51.14,42.02,-10.22,-6.87
1762942436.525358,0.41,22.69,58.32,-55.17,39.55,39.92,-57.41,73.07
1762942436.7322562,10.68,-14.21,-66.15,-48.09,72.74,0.02,74.25,49.26
1762942436.9395974,55.11,52.26,-65.04,-57.91,-28.72,-8.32,53.88,-48.55
1762942437.147393,22.16,-77.45,31.5,-40.1,61.93,18.12,16.78,-19.09
1762942437.3564885,19.31,2.63,31.76,-15.61,-21.66,-39.03,64.49,-47.19
1762942437.5950606,-59.03,71.49,16.2,3.25,-71.63,65.82,69.2,-72.25
1762942437.8346705,58.69,-46.64,77.39,31.34,-24.85,55.88,-17.06,61.84
1762942438.0432155,-36.46,-38.8,-31.45,9.34,63.74,-39.86,-67.91,37.57
1762942438.2519162,62.58,-36.85,-46.13,-66.37,55.61,-16.04,-53.65,-71.3
1762942438.4593868,32.42,25.89,20.05,34.38,49.09,-4.81,36.85,-7.59
1762942438.6679864,-76.68,17.55,-37.88,12.97,-73.18,-41.29,-4.35,40.01
1762942438.875666,32.68,-62.87,53.29,4.15,-49.86,36.43,23.93,-6.23
1762942439.084417,64.94,-30.58,-67.06,62.06,75.34,17.76,-5.01,-1.19
1762942439.2922995,-13.67,41.92,-11.89,-45.55,9.08,-70.44,1.96,57.54
1762942439.531989,25.45,43.05,7.1,79.02,53.25,65.55,4.93,-79.43
1762942439.7394872,4.93,51.93,27.29,-48.09,-74.88,-79.34,8.78,-50.09
1762942439.9467328,9.35,74.79,34.39,-14.32,-55.73,40.59,-53.75,-72.52
1762942440.1546595,-53.8,15.72,-31.55,-47.73,-1.82,-30.16,31.07,34.77
1762942440.3611572,-62.76,57.24,-63.6,-17.39,70.25,38.57,-78.34,26.31
1762942440.5689373,-33.47,-39.76,-51.65,67.99,-34.19,-46.03,-18.83,-53.98
1762942440.7918267,18.01,-64.68,-58.39,-52.08,-29.89,-51.67,-20.38,-23.99
1762942440.9992776,35.28,-2.45,3.84,74.27,-18.41,-11.74,-73.19,-63.07
1762942441.2071788,-14.12,62.66,31.36,41.74,-24.85,60.25,-69.74,-8.28
1762942441.4139209,-77.12,72.17,-3.86,-64.79,79.72,76.75,12.89,-3.2
1762942441.6214762,-77.87,-54.11,-32.98,59.74,68.47,14.94,32.21,-37.24
1762942441.8290484,55.72,71.78,33.77,27.44,-63.37,-70.82,75.96,48.73
1762942442.037508,-26.85,4.8,37.86,6.08,74.56,19.49,42.87,-71.46
1762942442.2669668,17.88,9.04,-72.19,-50.83,-54.53,30.28,31.4,-9.78
1762942442.4811542,54.98,-56.3,-35.6,-30.82,-29.77,15.07,-21.55,70.21
1762942442.688174,30.79,-12.11,52.97,66.34,15.18,-31.44,46.52,17.65
1762942442.8954473,22.34,30.8,-33.21,12.43,46.44,-30.49,38.84,39.52
1762942443.1031892,-59.86,-38.74,19.13,-74.47,2.42,0.62,64.65,41.06
1762942443.310598,-66.28,47.94,-58.98,-50.27,57.56,-28.06,47.7,-24.51
1762942443.5178237,-17.47,-52.0,-7.18,32.93,-3.35,-27.96,69.84,-45.7
1762942443.7234802,66.8,15.29,-43.2,-26.12,25.62,-53.52,-1.04,-22.64
1762942443.9297516,-5.17,-58.52,17.02,30.62,75.44,-8.39,42.27,-35.36
1762942444.136498,34.35,7.33,46.99,-75.32,-56.19,42.9,24.71,-55.92
1762942444.343515,21.07,47.3,6.3,65.43,75.29,42.81,60.02,-36.4
1762942444.550566,4.2,46.79,62.98,71.86,34.75,-44.47,68.27,-52.45
1762942444.7685835,43.77,-55.58,-42.72,-15.97,23.23,62.48,-74.69,76.24
1762942444.9749978,40.1,-66.05,30.94,-43.79,-10.29,-37.79,-52.02,-77.32
1762942445.1798954,-52.08,-41.34,-77.25,-15.39,-2.27,-39.66,0.68,-3.11
1762942445.386919,12.14,74.79,-46.44,73.42,45.64,9.02,-77.36,-51.1
1762942445.5941067,-77.61,-71.37,-61.86,-43.24,-63.26,-51.71,64.3,-66.47
1762942445.8017762,-7.42,-63.92,62.86,45.55,-57.21,-61.06,59.57,47.57
1762942446.0083432,-14.37,-10.56,32.13,-42.74,-68.63,-8.76,-21.02,-77.16
1762942446.216281,-11.85,16.18,53.66,-34.86,-57.15,26.64,-37.9,68.51
1762942446.4244418,34.44,19.86,50.25,79.96,-28.51,7.45,24.09,55.59
1762942446.66386,59.18,-65.12,-31.08,-12.85,29.18,-13.69,39.31,78.46
1762942446.903247,-7.88,-16.19,5.86,33.26,-77.16,-16.54,-30.68,58.26
1762942447.1113389,-58.81,-6.68,34.86,-14.75,-2.53,74.44,69.69,-36.77
1762942447.3191772,-10.55,-35.16,-22.73,-75.49,-69.27,-35.14,-63.95,39.16
1762942447.5272436,-26.2,-45.5,-52.73,56.93,58.33,14.88,20.17,-71.8
1762942447.7341988,67.94,67.69,-9.55,-30.44,14.38,-61.49,7.89,-28.82
1762942447.9421248,-38.15,-56.81,-46.73,8.69,-60.51,-73.95,74.45,65.34
1762942448.150376,27.84,-24.2,0.76,-57.19,-26.03,29.73,21.03,-37.42
1762942448.3568575,71.74,49.5,-74.41,70.62,-3.2,-66.41,-26.66,17.41
1762942448.5628507,46.13,-51.14,-19.24,-19.75,10.04,44.67,-65.45,74.04
1762942448.768785,-22.3,46.87,-74.58,-4.08,59.15,52.81,-75.83,-0.76
1762942448.9754143,-73.66,-38.61,60.7,-63.9,-32.91,-40.67,38.36,-75.16
1762942449.1993294,73.78,45.3,79.25,-37.25,-74.51,67.41,20.45,29.91
1762942449.406214,-78.48,18.76,-78.18,-1.81,-30.13,62.98,20.43,0.51
1762942449.61375,27.36,-65.15,-68.32,-72.67,70.9,50.9,20.68,-8.6
1762942449.8221548,28.19,48.89,-61.97,-70.42,-12.26,6.66,-4.42,4.22
1762942450.0277307,-26.68,-33.04,-56.14,-55.05,15.29,-21.26,35.3,-47.27
1762942450.2350795,-54.3,-62.83,57.39,-20.44,-4.25,39.04,-34.82,32.9
1762942450.443154,-24.41,-38.28,-10.82,58.54,23.08,-41.69,-39.85,53.26
1762942450.6510196,69.78,5.68,5.78,28.79,-23.23,-71.88,9.43,-21.58
1762942450.8754497,51.41,-38.25,-59.22,70.39,71.74,-10.85,-13.0,-33.23
1762942451.114939,-63.11,62.28,37.83,22.45,-24.34,42.61,31.68,-1.19
1762942451.3390853,-27.44,-41.51,26.4,-72.15,-29.49,39.6,53.42,-72.85
1762942451.5455596,16.88,45.23,-68.65,20.99,-18.0,19.72,-74.71,62.65
1762942451.7538898,-34.86,31.99,-16.79,47.57,-55.27,-76.6,60.86,-61.29
1762942451.9621608,-38.57,-22.38,-73.64,16.11,70.97,62.06,-17.41,-4.53
1762942452.1713777,-46.45,26.27,35.9,23.17,68.34,-73.49,-25.35,-31.04
1762942452.3784387,-42.29,72.44,-27.82,19.51,-6.35,66.61,20.1,-7.83
1762942452.5843515,70.29,50.96,55.52,-20.55,53.88,-2.03,-49.27,5.14
1762942452.7895887,-24.0,-65.44,32.45,8.24,-36.35,-76.73,-0.35,66.48
1762942453.0257618,45.47,-70.91,51.4,18.22,26.86,-25.03,17.32,-23.37
1762942453.2323549,-68.56,-7.87,-10.46,-22.39,-31.56,-7.93,-57.53,-27.18
1762942453.43802,14.41,-30.77,48.51,40.14,38.98,58.39,7.06,-45.32
1762942453.6422625,72.67,4.67,-68.29,-74.83,-79.95,15.09,-10.56,47.73
1762942453.8487406,-21.52,-43.72,37.92,-38.91,-41.14,55.51,-29.5,73.52
1762942454.054968,35.1,12.25,-48.7,34.52,49.52,19.51,-44.99,59.48
1762942454.260595,-52.49,26.56,-0.28,76.64,45.32,32.23,-36.17,49.86
1762942454.4667146,-41.66,-22.01,53.12,53.42,4.8,62.1,18.98,62.69
1762942454.6743634,-7.97,18.64,39.08,4.59,75.89,-29.03,22.6,72.14
1762942454.8807735,-39.38,-44.64,53.28,74.54,-41.61,-17.25,-79.71,-35.44
1762942455.0878587,73.96,33.29,39.64,42.74,73.18,-73.66,-0.67,-2.38
1762942455.294727,-47.97,-77.3,37.15,-57.13,24.1,64.31,24.44,48.64
1762942455.5012102,-48.21,23.67,50.38,-40.29,-12.81,-58.92,27.94,-39.3
1762942455.7077575,-75.73,-69.98,-26.82,-75.08,-33.34,23.2,-13.97,-59.92
1762942455.9138079,-0.34,-47.85,-4.82,-69.81,67.49,75.76,-3.24,-63.19
1762942456.1389563,-35.02,-49.72,-55.24,-76.39,35.45,74.61,-4.86,3.16
1762942456.377028,62.06,-70.31,-1.11,-9.95,-48.06,-23.05,2.28,-15.46
1762942456.5828805,-11.64,-33.52,15.31,9.36,3.18,-42.07,-64.6,69.0
1762942456.7885847,-68.49,-16.0,-12.41,-52.52,-20.83,19.08,50.87,49.24
1762942456.9960597,43.58,-54.39,-38.64,-26.47,48.4,-51.52,16.93,-63.41
1762942457.204252,61.96,-47.11,-30.35,-71.36,-47.06,-67.75,-39.79,-28.78
1762942457.4114022,39.81,26.29,60.55,66.19,-17.65,-42.01,-61.07,50.69
1762942457.6327994,-42.39,-33.4,9.99,34.58,-37.3,10.66,12.12,-31.28
1762942457.8441596,65.27,9.37,35.79,68.38,35.52,-64.52,-41.35,-25.91
1762942458.0837288,-72.89,-53.54,32.78,33.38,0.29,22.02,-5.15,31.01
1762942458.3233354,-18.74,-5.25,-58.86,38.08,5.55,-64.3,76.68,-60.36
1762942458.563857,-56.63,69.54,-14.26,12.48,-76.63,-29.2,-44.44,7.25
1762942458.7885747,-64.67,-11.13,1.3,-63.58,10.31,-66.11,-50.87,-59.91
1762942458.996129,-67.16,-19.77,-35.58,2.04,53.22,-41.37,-79.31,-10.08
1762942459.203642,64.34,-29.38,-75.21,0.82,22.12,-64.06,-48.37,-59.91
1762942459.409577,67.56,10.24,-23.61,-57.18,12.45,-17.85,27.38,47.98
1762942459.618622,31.41,41.56,9.29,-61.26,17.9,-50.45,-14.89,39.48
1762942459.826075,70.75,-56.65,-57.02,-64.72,-53.72,-14.26,28.13,-5.94
1762942460.0437067,-76.31,-78.32,65.91,39.97,-10.69,-15.36,62.01,-15.7
1762942460.2578921,55.8,71.69,-40.46,-32.3,-9.36,61.01,60.29,64.46
1762942460.496132,3.36,2.54,12.99,-30.07,-1.93,-68.03,-45.17,40.11
1762942460.7493117,-50.09,-56.04,4.83,1.16,-78.41,-42.78,69.63,7.9
1762942460.9571087,52.3,-41.11,-35.61,3.61,-57.89,-43.17,68.53,-55.88
1762942461.1632764,-5.48,-64.49,64.45,57.4,-67.39,57.94,-31.73,73.7
1762942461.3714406,-4.05,-55.66,37.8,-75.99,-10.79,-36.24,-47.41,11.2
1762942461.5794547,-31.34,54.82,-9.46,-55.75,-23.12,59.56,-6.81,-19.38
1762942461.7871828,-0.87,26.65,4.55,17.93,48.06,-74.68,-56.59,1.83
1762942461.9950924,-52.94,-76.42,14.58,38.26,19.43,34.93,-65.92,16.63
1762942462.2033153,-14.78,-52.32,53.19,-50.79,68.6,41.1,63.35,-65.79
1762942462.441997,48.52,-2.66,24.72,27.94,-7.06,46.63,-70.45,-78.54
1762942462.6478016,59.18,30.53,28.92,-32.96,-48.52,10.87,11.5,67.79
1762942462.8556287,58.36,-12.99,59.13,16.33,7.73,-14.28,-65.0,40.53
1762942463.062895,10.92,59.88,-36.72,-0.53,-29.34,48.65,70.72,65.47
1762942463.2723355,36.15,-67.1,40.92,-43.49,30.23,42.87,58.38,-24.46
1762942463.479883,-35.88,-4.4,-11.9,64.36,28.34,-39.6,70.41,-56.19
1762942463.7025075,-38.65,-44.37,1.09,-61.45,-0.3,-16.06,-61.84,75.92
1762942463.911147,63.67,43.85,75.11,-22.67,21.61,-35.82,-16.96,51.68
1762942464.1182282,-24.19,-9.79,51.49,-67.29,-5.3,51.01,-54.75,-50.77
1762942464.3254135,30.65,-37.41,64.96,20.33,-46.56,-46.21,9.78,64.57
1762942464.532286,18.17,-59.89,-33.22,29.6,15.32,20.28,-44.54,50.88
1762942464.7399836,-61.53,64.2,-12.79,-62.43,28.17,19.44,-51.07,1.23
1762942464.9473746,61.63,-64.14,-4.17,-31.34,54.43,17.03,33.28,76.83
1762942465.1712518,1.55,60.26,6.53,-56.13,-20.48,-51.63,-46.94,22.72
1762942465.3960183,51.63,-2.41,51.46,-7.42,17.75,-69.43,-72.04,-51.07
1762942465.6206605,18.11,73.48,37.3,59.56,78.05,-41.91,-59.79,60.23
1762942465.8288665,-34.19,-22.86,-69.13,-13.07,-33.97,-61.66,79.22,-46.12
1762942466.0374815,57.28,-50.04,-42.68,24.71,-29.68,-53.6,64.9,26.83
1762942466.2444754,27.72,-59.45,22.4,55.78,18.18,8.31,78.24,54.64
1762942466.4512026,78.47,-70.64,58.51,-41.72,-71.02,-1.43,7.27,-10.38
1762942466.658957,-58.06,-32.23,79.84,-7.61,-10.07,-61.35,13.88,-38.52
1762942466.8676453,-21.87,24.93,73.44,-77.12,30.48,-30.1,-36.61,-38.54
1762942467.0752923,11.19,29.56,-65.46,15.74,35.54,-76.89,20.19,75.86
1762942467.3166058,70.37,-7.02,-55.13,47.05,47.83,76.88,6.61,-18.0
1762942467.541572,-3.54,39.76,-69.23,35.17,-65.76,45.84,8.16,60.14
1762942467.7503572,3.81,-57.66,8.95,49.43,-29.5,-6.89,26.79,-34.96
1762942467.95738,29.23,56.96,-19.78,65.85,-63.79,33.05,-30.03,50.35
1762942468.1661353,43.49,72.56,-18.71,-47.41,71.31,-28.39,-6.13,1.76
1762942468.3737779,-72.62,-43.51,41.74,-33.95,67.04,17.49,62.2,37.63
1762942468.5822623,54.87,48.18,31.3,-37.95,53.12,-17.26,-62.95,68.17
1762942468.7895858,70.59,-50.36,-52.99,50.48,-59.14,-75.67,-78.71,-70.25
1762942468.9968722,0.59,51.05,-68.95,-21.62,74.36,-39.45,36.37,27.29
1762942469.2370586,66.31,71.77,-28.04,-34.39,-59.83,44.52,-46.62,43.69
1762942469.475564,16.6,45.8,-26.77,-32.87,32.67,46.11,79.48,22.21
1762942469.7149599,-47.86,-11.26,-4.37,-62.56,-34.68,-7.86,66.27,51.6
1762942469.9235082,76.17,39.16,-14.21,-14.07,-57.3,13.09,10.21,69.53
1762942470.1315367,56.9,71.43,-34.4,-61.5,-16.13,73.25,5.84,-46.79
1762942470.3386996,-0.11,-52.85,57.12,-73.3,28.78,79.96,58.89,-28.53
1762942470.5468965,18.81,53.32,17.71,-72.18,-23.39,-3.74,52.27,4.93
1762942470.7547598,50.1,-44.08,-66.81,-79.85,-36.63,43.59,-11.61,-68.92
1762942470.9617927,-51.25,-49.13,-63.37,66.51,-33.22,29.5,8.97,-27.87
1762942471.1707637,-53.22,19.73,40.37,16.04,13.87,30.09,-4.45,-24.89
1762942471.3923151,-74.81,-67.62,48.54,-53.76,-56.51,-73.05,-3.89,-25.03
1762942471.6309538,42.65,16.77,11.35,17.28,9.52,-71.78,26.83,69.88
1762942471.8393023,34.76,52.67,-9.71,70.08,-12.94,4.37,39.8,52.93
1762942472.047356,-54.07,-54.44,53.05,74.16,-57.88,53.96,-21.57,18.46
1762942472.2557328,58.84,-26.9,-27.7,-71.48,4.26,-73.93,14.93,33.54
1762942472.4638186,-12.73,78.05,-7.54,-13.73,-79.72,75.26,47.19,59.4
1762942472.6711724,2.47,29.45,-43.04,77.32,-7.64,-58.45,-58.45,-42.57
1762942472.8786392,41.85,49.89,6.83,35.12,-3.34,-56.11,-35.19,-31.54
1762942473.0856297,-62.81,57.27,-30.64,67.05,-32.03,-35.76,13.5,-74.96
1762942473.2919283,-77.54,-5.14,-33.31,41.06,74.19,-60.4,-56.93,26.28
1762942473.500066,24.87,-40.98,76.55,29.05,-30.66,71.77,-23.65,-52.59
1762942473.7075198,1.69,-62.65,-39.71,71.79,52.51,3.46,34.56,-24.42
1762942473.9140127,-21.91,45.22,55.82,-4.48,-66.96,15.18,30.8,3.85
1762942474.1216035,68.07,-51.55,-44.96,29.13,7.01,-46.92,-40.78,-37.56
1762942474.3291662,40.71,-11.52,50.54,51.88,-26.14,-28.59,27.94,-36.13
1762942474.5366564,-66.88,-69.71,43.14,-27.49,0.32,-6.38,39.54,-3.39
1762942474.7673907,-75.85,-11.74,-20.69,-6.69,-37.42,-12.99,40.19,73.43
1762942474.9845386,73.97,-21.75,-44.57,28.61,-63.68,-54.55,42.24,3.5
1762942475.239921,-74.51,8.7,-49.86,13.24,-13.65,-69.36,28.09,-64.15
1762942475.462365,5.88,-12.86,-61.23,67.07,4.79,57.96,43.94,16.26
1762942475.703139,-17.81,12.95,-25.68,21.5,-31.35,-14.18,-21.21,36.38
1762942475.9428263,-53.42,14.87,52.91,-10.03,-44.54,78.47,-9.84,-13.8
1762942476.166786,-18.81,36.68,24.93,-42.04,-17.62,78.14,-3.46,21.14
1762942476.3748825,-48.39,71.71,-75.42,22.05,-61.3,-77.13,65.69,53.53
1762942476.581904,-28.02,4.84,-75.17,37.56,4.5,76.22,-29.94,-27.69
1762942476.7900538,28.37,37.86,-28.96,3.97,-43.28,-27.04,73.24,74.07
1762942476.9973128,-18.7,-76.9,53.64,-23.2,-41.15,-10.39,-72.51,5.33
1762942477.2053075,61.18,-18.52,34.9,29.11,73.5,54.09,15.74,-76.32
1762942477.4117968,-78.49,-63.1,34.01,10.48,78.3,-14.96,-37.47,-69.7
1762942477.619585,-45.37,40.74,74.0,7.37,-65.74,41.21,-65.85,21.88
1762942477.827893,-27.09,-50.25,67.37,73.68,5.33,-52.99,-30.63,-15.44
1762942478.0366368,27.49,-74.04,70.17,14.81,-70.08,49.85,48.31,79.58
1762942478.2438493,-7.43,58.95,-34.95,69.91,-50.63,24.02,-50.56,-69.45
1762942478.4513195,-34.09,72.11,58.38,-58.52,-44.75,-71.12,43.22,-73.29
1762942478.6582768,65.36,-59.6,-17.2,-25.36,53.2,75.46,34.03,-53.17
1762942478.8656871,-23.44,-37.54,-68.59,14.95,2.87,-65.94,-16.6,-46.1
1762942479.1051028,-20.02,70.38,26.27,-9.29,17.58,16.91,-25.89,-74.51
1762942479.3439074,52.42,-38.95,-51.98,61.73,53.67,58.27,-39.29,37.85
1762942479.583812,-32.95,-20.31,72.11,78.54,74.19,37.59,49.83,-3.66
1762942479.8070664,-40.42,38.89,26.11,-74.09,54.24,40.61,69.64,-15.82
1762942480.0466068,-7.63,-54.21,33.63,-4.71,-52.95,-14.8,79.74,-42.84
1762942480.2871203,-52.66,22.61,0.71,-77.46,10.29,-31.1,19.93,-79.16
1762942480.5267997,-60.46,-28.53,-34.08,54.31,-7.93,73.5,-52.69,-36.91
1762942480.7659767,40.46,-37.84,41.43,28.44,61.55,12.99,-68.5,27.54
1762942480.9898918,-43.79,-78.63,66.4,37.66,-14.34,37.74,-4.38,50.92
1762942481.2298481,15.08,45.63,25.47,12.75,48.25,47.82,-26.77,78.88
1762942481.470022,37.97,25.59,-40.66,-2.91,-44.64,-65.01,-0.93,-47.79
1762942481.6768591,-75.15,48.72,-69.43,-0.15,2.27,65.59,39.45,23.69
1762942481.8840067,67.67,-55.4,-62.32,-39.95,-39.64,-6.5,53.68,-26.33
1762942482.0901918,20.25,39.55,40.6,-51.75,-5.37,-23.84,-73.19,6.79
1762942482.2944715,40.26,27.03,-29.74,63.42,-4.71,41.62,-65.65,-72.8
1762942482.500025,-25.44,-50.15,38.83,36.43,-43.7,53.64,79.69,50.86
1762942482.7924354,66.72,-1.84,9.01,-63.46,60.31,48.28,-26.07,-4.99
1762942483.0028505,-10.23,17.24,-48.75,44.99,30.27,-67.41,-10.54,-42.82
1762942483.221317,-79.26,-8.48,62.68,-64.56,39.74,-47.18,10.46,68.81
1762942483.4288058,3.71,-73.54,-50.98,79.8,-17.14,35.84,-43.15,21.6
1762942483.6498623,-67.22,-54.47,22.81,-31.11,20.39,-15.83,-19.98,-43.49
1762942483.8627594,20.44,4.55,-28.37,-69.09,-52.28,13.49,36.0,75.43
1762942484.0726314,11.28,-37.15,0.16,47.68,-69.3,31.04,-45.03,-76.18
1762942484.2857683,54.6,62.78,-25.97,2.54,-36.42,56.89,68.09,16.6
1762942484.493019,-4.12,-70.83,-17.13,-9.41,-1.99,43.05,-66.4,-2.68
1762942484.6986973,6.11,67.48,71.54,68.56,-43.92,-31.93,56.39,4.23
1762942484.915974,6.14,28.21,-19.87,-68.42,35.55,47.12,71.34,-7.26
1762942485.1226838,36.06,-63.92,-62.31,49.0,39.06,56.7,-17.85,50.33
1762942485.3386385,-34.39,34.77,59.38,-62.02,70.44,64.28,-34.62,42.24
1762942485.5573285,39.96,-78.59,39.89,-6.99,-48.03,32.68,-22.45,-62.94
1762942485.8115096,-43.34,-76.61,-15.21,-60.75,27.03,10.35,23.07,4.12
1762942486.0507274,-20.72,-35.16,-70.56,-26.26,-39.36,12.93,36.59,-22.17
1762942486.2572653,64.01,73.97,-43.32,78.43,-78.76,12.93,58.68,11.54
1762942486.472568,38.82,-75.04,19.24,69.7,66.87,77.21,52.94,12.79
1762942486.6776116,52.81,-15.37,47.1,74.71,55.52,-3.61,79.37,-2.19
1762942486.8742604,76.67,18.98,-43.01,-2.5,65.9,33.03,36.54,-67.34
1762942487.0791755,20.31,14.85,-35.07,-10.96,-70.79,-5.47,51.69,-30.86
1762942487.2872667,57.98,-4.27,27.31,-75.7,13.19,-75.87,-35.94,-34.54
1762942487.4940875,49.39,60.5,3.75,-49.58,-78.35,-7.1,-58.37,-75.86
1762942487.701968,2.89,17.61,17.48,69.5,-24.66,-69.92,56.19,-14.08
1762942487.9094217,60.62,52.25,-5.47,35.46,56.45,70.7,3.79,-75.75
1762942488.1176162,8.94,-9.55,-57.31,-10.2,-34.94,11.74,59.04,-72.24
1762942488.3227768,-47.71,-78.94,67.23,-11.92,-1.21,-19.59,-54.67,59.03
1762942488.5270524,-31.39,68.87,-26.34,-19.38,19.58,-70.9,-34.71,-30.96
1762942488.7508037,-49.53,77.6,-1.58,42.26,-18.4,-69.99,-8.62,-59.56
1762942489.0088563,-63.06,-70.58,54.17,5.96,42.81,-44.54,-39.02,12.96
1762942489.2269154,32.28,34.5,-20.81,42.72,3.36,59.21,69.46,-78.42
1762942489.4426718,-74.14,12.17,-34.82,5.11,37.19,-37.84,-22.86,-77.28
1762942489.6575823,-23.19,-65.92,18.02,-14.27,6.5,-75.28,4.5,-74.91
1762942489.8710492,25.14,64.61,62.84,-13.85,26.61,51.01,-13.89,-8.19
1762942490.0901027,24.04,25.49,54.44,-16.85,20.49,-65.2,-14.47,-31.18
1762942490.3439374,46.12,26.78,25.73,-57.26,-1.89,-50.2,-55.72,64.29
1762942490.557617,72.07,34.96,-37.42,13.43,-66.97,35.31,36.98,62.47
1762942490.7640357,21.25,69.86,-52.47,-58.69,10.83,33.86,21.55,76.66
1762942490.9720366,-39.33,-50.32,-46.52,52.99,-21.08,42.52,58.96,-9.16
1762942491.1994994,-37.59,40.91,50.66,-20.15,-15.08,-32.05,58.6,-15.46
1762942491.4140694,21.86,44.68,63.4,-55.6,37.97,-7.0,46.97,33.98
1762942491.6241877,-31.64,-49.52,77.13,74.03,-42.87,-74.99,9.83,-36.63
1762942491.8314524,24.14,-27.49,-38.48,-62.79,15.94,-42.58,56.56,14.12
1762942492.040005,-68.84,-79.18,-73.87,66.24,-31.13,-54.39,6.26,-42.36
1762942492.2643702,-0.72,-24.41,40.08,-0.3,47.5,-41.55,-77.31,77.04
1762942492.475693,-55.55,-62.34,57.95,-71.34,-78.44,39.94,-65.71,52.39
1762942492.7196033,57.92,-65.73,-42.2,26.68,-75.51,-69.14,70.83,-71.72
1762942492.9422395,-0.71,-68.18,-4.99,1.99,26.27,-46.87,25.34,-10.92
1762942493.1519418,-25.45,-10.53,43.27,-51.13,-2.33,23.74,39.95,50.55
1762942493.3574686,43.08,-25.25,-32.63,-3.71,-24.68,17.04,-67.24,3.41
1762942493.5784576,0.59,32.7,-50.59,-79.49,-75.08,14.99,32.68,-56.75
1762942493.7907414,-39.0,3.74,-22.11,51.1,-38.16,-51.08,-53.27,6.0
1762942494.0004265,-14.0,15.96,-20.26,-41.41,-58.33,-15.33,-26.53,-70.76
1762942494.1840873,-29.02,-69.3,76.68,-65.23,53.02,-62.3,60.3,26.58
1762942494.3904727,18.71,23.67,-77.23,34.07,-27.3,49.78,30.7,50.47
1762942494.5960104,-75.57,59.04,-70.17,42.79,54.92,-5.96,-50.07,63.46
1762942494.8174777,-20.63,13.37,-59.16,-17.71,-52.47,36.91,-63.23,23.52
1762942495.0239391,-30.91,6.6,-7.17,57.24,40.4,44.61,22.3,73.96
1762942495.2348797,42.27,60.36,-48.21,67.95,41.74,79.13,-36.13,-52.26
1762942495.442493,-25.79,-8.42,-46.7,-15.29,39.12,54.14,-62.13,-22.49
1762942495.6504188,60.79,-29.38,13.09,28.9,52.34,-75.42,-61.54,79.16
1762942495.857008,7.71,35.7,-40.41,-75.5,33.22,-19.24,67.79,-21.19
1762942496.064297,-70.02,47.42,-56.6,40.28,70.66,3.8,39.6,9.78
1762942496.2725682,77.67,55.17,-41.75,-68.47,-74.8,-58.27,-9.64,-75.4
1762942496.4792597,29.13,42.81,10.58,-40.85,-48.23,22.72,-43.48,24.45
1762942496.6867945,-33.58,1.95,24.77,25.01,22.74,5.89,32.12,13.51
1762942496.8951075,3.31,52.95,18.13,-42.37,-68.46,-43.67,62.32,24.29
1762942497.103908,-16.71,43.91,23.6,-48.6,61.63,-3.3,8.96,11.96
1762942497.3105454,-25.6,-69.62,-41.5,-72.99,15.12,-49.05,-71.34,-75.86
1762942497.5170383,-35.15,68.04,28.4,6.76,68.4,-31.83,2.58,-52.84
1762942497.7255213,-11.63,67.29,-79.18,35.99,15.69,39.42,76.74,21.39
1762942497.932934,79.88,4.57,13.96,-52.1,10.28,78.98,67.29,26.15
1762942498.1390493,-44.81,62.73,66.34,-31.15,-39.29,-63.59,79.6,70.45
1762942498.3502412,77.94,56.62,27.51,36.42,3.27,-10.53,-28.06,42.16
1762942498.5569413,9.56,-39.64,-8.89,-53.08,-38.35,60.91,20.76,-72.29
1762942498.7596421,-21.05,-43.88,59.91,0.94,-21.86,25.5,-78.0,-69.01
1762942498.9766784,-73.9,41.85,-69.75,27.48,14.34,-25.79,-32.6,14.52
1762942499.1954508,42.41,24.75,-72.84,-70.81,-13.94,20.1,-30.72,77.23
1762942499.4180253,-13.06,24.73,35.11,52.75,31.09,-31.48,76.03,-79.3
1762942499.6259305,6.74,-52.77,-57.36,-54.57,-3.05,29.74,27.75,-65.13
1762942499.8263476,-72.15,22.89,-3.02,-36.57,-9.01,23.47,1.71,1.67
1762942500.033134,-34.69,-63.12,-5.08,-22.27,48.75,-64.98,8.34,-59.85
1762942500.242385,-47.6,3.53,33.92,-11.59,-12.48,-47.85,-3.63,-17.29
1762942500.4458163,-15.0,-25.27,-68.46,64.09,54.86,58.05,24.06,79.35
1762942500.6539578,49.37,-9.91,35.36,24.57,-40.77,39.11,-12.29,12.31
1762942500.8605802,72.67,28.01,-13.01,-40.57,-46.03,-10.13,-17.23,-19.56
1762942501.0690386,-73.17,72.57,-24.46,79.5,-52.27,-40.36,46.29,73.35
1762942501.2765672,-68.95,40.48,62.12,-9.27,-47.85,10.78,72.05,-63.04
1762942501.4818163,-74.51,-2.05,-41.87,75.14,44.3,56.24,64.57,63.05
1762942501.689911,-68.78,47.17,-35.19,-51.84,-78.87,7.41,-10.14,46.59
1762942501.897366,77.53,64.72,0.33,10.76,55.84,-59.0,55.95,19.58
1762942502.106528,-43.53,28.63,57.82,33.88,-18.83,39.7,42.34,39.16
1762942502.3135746,46.27,0.25,70.62,70.9,-59.69,49.66,16.5,-8.38
1762942502.521342,4.8,-37.72,-39.68,-31.67,13.57,12.36,13.56,0.69
1762942502.7281103,-43.32,-49.69,-10.14,14.22,-14.41,-10.26,16.3,-74.7
1762942502.935537,7.6,45.76,51.1,72.88,-30.66,49.04,66.5,-47.58
1762942503.1435106,13.15,-17.69,24.5,5.18,31.64,16.66,-15.85,-44.68
1762942503.35127,-21.29,76.48,38.58,-45.1,-20.53,-74.1,59.69,-79.82
1762942503.5591788,-77.15,9.3,66.84,20.51,69.62,-75.12,-23.39,79.16
1762942503.7667146,52.65,21.54,-8.63,77.42,3.44,-6.78,-0.18,-60.29
1762942503.982864,47.61,30.68,11.26,79.64,-50.24,-68.85,30.61,25.03
1762942504.19462,-8.81,26.45,18.55,-42.63,76.05,-10.43,-66.21,72.15
1762942504.40315,34.19,40.67,12.99,58.11,46.09,-67.0,-9.28,54.52
1762942504.611019,-57.02,38.05,-28.07,2.76,-50.12,45.24,12.34,15.53
1762942504.817905,8.83,54.77,-40.16,-70.54,-52.02,49.68,21.49,62.2
1762942505.0257478,2.87,-6.27,-24.73,-7.91,56.49,65.04,-50.25,-16.51
1762942505.232805,-69.92,-24.37,27.75,-37.63,75.27,-69.98,74.01,69.13
1762942505.4486609,-16.41,-38.76,-6.19,5.42,16.02,45.57,-13.64,-7.04
1762942505.6492882,24.88,69.17,-78.44,78.37,2.35,5.74,42.48,61.93
1762942505.856866,26.68,-69.74,45.69,69.47,46.62,-19.72,42.91,24.78
1762942506.0650332,-16.47,-14.52,-37.4,68.4,10.66,10.84,-56.92,49.36
1762942506.2723687,33.24,62.63,69.94,-53.4,10.09,-47.16,47.38,3.09
1762942506.4802577,-51.36,-10.89,-37.53,-35.78,41.66,67.54,-64.79,6.38
1762942506.6877656,-19.2,-32.25,6.23,53.0,59.55,-13.84,-36.2,-11.66
1762942506.8938148,-26.56,61.75,-57.63,43.03,-20.48,17.79,-25.78,-17.31
1762942507.1006925,66.82,-73.91,65.4,-72.25,42.72,-75.21,51.86,-1.7
1762942507.3241773,-11.51,66.08,-31.83,-32.13,-6.17,-37.62,1.57,79.11
1762942507.5309713,-55.1,70.09,56.99,3.25,68.07,27.54,-42.03,10.98
1762942507.7385588,-4.92,16.8,-2.05,-16.95,-74.92,57.33,34.73,66.76
1762942507.9507232,46.62,67.57,-31.82,-11.96,61.75,-26.33,-35.59,-62.41
1762942508.1687424,-49.85,-52.11,-25.61,46.97,-14.6,17.29,-71.48,26.92
1762942508.3758295,-35.44,39.24,37.04,55.11,-64.44,11.04,-19.13,-74.16
1762942508.5830097,-43.21,-79.46,-70.58,-43.94,-23.48,40.44,-69.43,-2.16
1762942508.7908492,-6.42,-28.63,62.38,-72.76,-20.43,45.1,6.73,-71.41
1762942509.1392484,-22.29,-9.3,-0.25,30.04,11.65,-22.82,38.75,-7.49
1762942509.345601,-25.84,37.29,9.84,-63.26,-40.65,-5.72,68.47,-17.48
1762942509.5678551,-62.97,-41.16,-31.35,-16.32,75.55,19.16,-32.46,48.56
1762942509.773015,20.55,-73.41,21.0,-0.39,-34.76,12.68,43.32,25.5
1762942509.9791298,29.43,-4.73,-14.13,30.93,-53.8,74.88,55.8,-11.74
1762942510.1858864,-17.73,-1.07,-78.82,-68.38,75.15,61.47,7.99,-12.33
1762942510.3928156,12.72,-11.72,-20.03,-37.96,-11.09,7.44,12.45,32.81
1762942510.5986974,74.32,-30.06,36.43,47.95,5.55,-74.47,-10.28,13.17
1762942510.8064818,-2.34,-36.88,-42.49,34.84,11.33,4.97,75.71,-68.14
1762942511.0141625,-51.67,11.36,40.97,15.8,-35.2,62.46,1.74,39.31
1762942511.2211037,48.43,-31.09,-52.44,-56.5,61.29,-47.3,53.18,-16.02
1762942511.426787,-45.05,23.89,-67.97,33.27,-27.14,-22.13,16.77,-74.42
1762942511.6495318,4.62,54.38,-54.92,3.46,-2.14,-67.22,25.44,-52.2
1762942511.8566139,-21.97,-68.4,-30.25,7.94,73.92,41.89,24.42,-57.58
1762942512.071143,42.31,70.95,-48.23,-5.37,-11.4,54.55,-18.85,-58.95
1762942512.2837167,-41.02,-1.39,79.44,-32.65,19.35,55.61,-29.05,-39.97
1762942512.4894927,-73.23,9.82,-42.94,-39.22,13.61,3.91,22.21,67.66
1762942512.7106223,-37.63,61.94,-30.97,-59.84,-63.23,4.29,58.83,-41.12
1762942512.9162576,-62.11,48.22,29.38,-31.74,70.45,32.65,73.7,55.14
1762942513.1221478,30.55,54.72,15.01,-56.94,-3.71,60.31,-8.55,-8.62
1762942513.32667,38.48,-51.0,-33.47,67.33,69.86,6.36,2.58,1.03
1762942513.5338054,1.59,-22.08,-77.75,79.98,15.09,17.06,-18.07,-75.25
1762942513.7395024,-57.93,31.63,-2.86,-58.92,-16.22,-0.42,66.78,-46.28
1762942513.9463778,61.94,38.51,-24.15,-18.53,3.15,14.86,-13.88,41.4
1762942514.1373634,43.55,4.47,-37.79,-50.28,49.14,17.06,23.01,15.55
1762942514.3432376,-79.58,-32.25,-11.78,-16.88,70.87,69.23,-33.73,28.81
1762942514.5493145,-1.6,-27.56,-75.98,31.02,23.02,-66.22,17.3,66.35
1762942514.7550569,54.69,-18.92,7.42,66.71,10.26,-37.01,29.26,55.55
1762942514.9764824,59.24,-55.34,31.03,-27.99,-22.86,40.32,67.04,-24.55
1762942515.1827574,-12.89,33.6,-23.05,-26.37,-57.26,68.93,6.75,38.53
1762942515.4394276,-44.55,-71.87,-32.36,39.28,-28.82,0.66,-51.6,40.7
1762942515.6592858,12.67,4.55,10.17,-76.8,23.25,-41.93,-3.93,69.03
1762942515.8657677,-31.67,-63.33,-29.49,-6.58,75.45,70.15,-70.28,-42.74
1762942516.0723054,27.0,-17.9,72.64,78.54,-23.61,76.15,20.18,-30.51
1762942516.2797592,-34.99,51.65,-28.69,46.73,-9.3,-76.1,34.5,53.24
1762942516.4986794,-66.39,-70.29,-72.67,-19.38,33.65,-56.59,61.78,-70.8
1762942516.7275002,23.76,-36.7,-0.84,-74.59,25.21,45.24,65.56,-61.93
1762942516.9357622,27.94,32.6,20.5,-70.3,-15.55,16.98,-22.99,20.2
1762942517.14315,30.01,69.78,39.7,-63.69,-23.66,66.71,52.7,26.25
1762942517.351475,-60.84,-59.54,-3.34,-51.04,-70.14,-36.08,0.77,33.77
1762942517.5599499,61.6,-25.61,-45.48,38.18,13.86,72.95,12.89,-21.66
1762942517.7687488,10.08,-17.48,21.34,-38.82,-13.07,-60.42,-7.13,60.61
1762942517.976395,-56.93,79.29,23.76,-18.13,24.66,53.79,6.7,70.04
1762942518.1850238,-43.52,-50.74,24.73,-1.78,-77.07,-48.1,54.9,-26.52
1762942518.3926451,-5.39,19.98,-1.26,-43.86,-46.05,45.83,-46.05,-64.75
1762942518.600624,-65.63,30.17,-78.32,44.86,-22.98,-18.66,-71.51,-70.28
1762942518.8092847,-10.18,46.54,33.84,36.97,-6.77,73.29,48.42,-71.88
1762942519.0170074,-14.52,-49.21,14.27,-10.8,-33.37,40.46,-78.4,76.54
1762942519.2245276,4.83,41.08,60.44,5.18,4.08,48.96,-38.92,10.13
1762942519.4316022,17.99,-53.51,-40.06,9.68,16.76,0.05,28.69,-25.73
1762942519.6380782,50.59,33.27,76.67,-68.35,78.16,-19.45,-32.95,5.09
1762942519.860365,-40.22,66.19,5.32,-58.15,-35.47,-10.39,24.46,43.25
1762942520.0694635,-52.29,59.92,76.68,-19.91,-43.37,-39.28,19.72,37.59
1762942520.2771103,67.74,-73.38,-26.18,71.41,-51.96,-7.04,-28.99,-47.68
1762942520.485856,-64.44,-59.06,-64.24,-9.83,79.19,30.57,-56.63,37.1
1762942520.6935146,17.49,41.71,-32.16,-47.93,-62.88,54.64,74.18,7.65
1762942520.9025338,7.31,-57.14,-59.52,-19.42,67.46,23.65,-41.93,66.04
1762942521.1095767,69.96,21.01,32.22,-11.02,-0.57,-65.46,-25.85,-5.16
1762942521.3328226,34.87,-13.15,71.69,-59.1,-26.53,70.16,42.11,41.78
1762942521.581662,-13.04,34.16,-62.46,-76.3,49.98,-48.63,11.0,-24.92
1762942521.799493,-46.19,24.89,-46.71,-50.03,-22.66,-1.67,-21.46,30.2
1762942522.015641,-60.53,-50.88,-6.97,67.25,-54.04,-13.32,-67.44,71.81
1762942522.223386,-18.92,-65.78,-46.6,-21.06,-78.73,22.51,-62.51,2.15
1762942522.428032,-24.12,45.69,-4.41,30.79,48.99,-0.48,-44.13,24.19
1762942522.6508343,-34.86,-39.88,-47.09,-21.72,3.05,-35.35,56.34,13.72
1762942522.8575387,79.23,79.74,72.44,35.93,1.96,7.6,33.4,18.72
1762942523.079252,32.7,41.6,-18.12,56.31,-19.02,-12.15,-61.99,58.22
1762942523.2871757,-23.02,-24.95,-3.21,-28.42,39.25,-36.08,-0.91,66.03
1762942523.4934778,67.27,3.11,39.39,51.9,52.01,65.99,51.22,79.12
1762942523.7166424,32.06,16.22,-71.22,16.15,-3.46,-1.44,-40.34,-34.19
1762942523.921372,-32.81,-52.78,56.87,43.03,76.72,-70.95,-12.86,-8.9
1762942524.1279798,-27.9,71.61,-45.34,-48.77,-14.9,-60.0,-76.81,0.17
1762942524.3354676,10.38,7.63,4.74,-17.18,-71.55,-14.07,-39.46,-30.62
1762942524.5440555,-15.81,-37.8,-27.26,75.89,-39.28,-31.9,40.43,17.02
1762942524.7506015,38.61,11.97,23.64,-48.37,-9.53,-27.77,0.76,75.86
1762942524.9580717,-47.35,44.37,-25.56,46.01,39.77,59.03,-26.17,-24.3
1762942525.1658747,19.58,-62.01,76.57,20.11,40.77,-13.22,59.53,11.32
1762942525.3739572,-65.97,-70.88,25.01,3.11,39.04,44.32,43.35,42.49
1762942525.5828934,0.73,-71.17,-17.91,60.21,-18.53,68.41,24.23,49.44
1762942525.8028011,-57.09,27.05,73.64,43.51,-28.8,22.23,-2.55,-53.93
1762942526.0140448,17.64,12.88,40.69,39.67,19.47,76.35,-66.47,-51.45
1762942526.2226195,-66.04,-46.0,-51.72,14.05,-71.19,-15.21,-68.26,-47.51
1762942526.4284823,-37.4,-0.68,9.88,49.77,35.08,-4.25,45.88,64.03
1762942526.6360781,0.57,54.15,-37.66,24.11,-32.75,-49.31,-35.44,41.0
1762942526.842301,-47.59,-10.81,-63.82,-0.57,9.79,-71.49,55.45,-60.92
1762942527.0503922,-46.52,75.48,-31.84,-29.05,-35.49,10.98,-33.59,-3.83
1762942527.2645662,-29.81,-46.39,-40.36,43.27,-8.04,-27.03,-61.85,25.16
1762942527.4829834,-13.25,56.01,54.2,-45.69,-68.52,24.14,-76.08,76.28
1762942527.7226946,-7.42,-17.6,78.61,23.6,-65.68,59.3,18.84,27.53
1762942527.9618504,-6.26,-19.15,15.31,-69.88,-37.32,30.21,74.86,-68.52
1762942528.202202,61.7,13.47,-7.72,-31.71,63.65,-49.83,-60.28,21.06
1762942528.4097683,-47.3,67.83,21.66,47.75,24.56,29.32,9.02,40.94
1762942528.6490352,24.87,50.92,4.21,61.97,73.98,-42.0,-59.01,44.1
1762942528.8571098,26.76,12.87,75.43,31.88,60.7,-13.55,-55.88,-60.94
1762942529.0650022,18.22,-66.66,23.95,9.85,-54.87,-73.01,-12.0,-19.69
1762942529.2718053,-59.81,25.13,-30.43,-66.43,53.6,-10.78,-55.64,-50.57
1762942529.482126,-16.96,72.58,61.44,-5.92,-39.7,37.58,-37.9,-32.86
1762942529.7022843,-7.54,-65.2,-32.02,-25.85,-43.09,55.6,73.49,41.75
1762942529.9408238,-64.27,26.0,-27.73,51.72,-17.18,23.39,6.35,-33.74
1762942530.1649573,-19.09,-21.47,-64.31,-55.57,-14.31,70.02,-49.76,-27.76
1762942530.3724177,75.89,35.96,76.39,0.44,1.88,-4.68,67.96,-42.01
1762942530.5795224,-69.09,24.65,-18.49,16.98,-57.37,-63.91,-47.46,-49.5
1762942530.7910635,11.7,-37.14,-4.29,-62.09,-63.63,52.05,4.63,32.7
1762942530.9949687,-57.6,-35.59,-11.19,-34.02,76.71,33.26,76.33,-54.23
1762942531.2021353,55.3,24.77,39.41,-50.85,67.22,-35.25,55.33,23.32
1762942531.4100177,-64.14,35.35,-45.99,-43.74,32.37,6.07,55.86,76.62
1762942531.620772,-50.59,-75.37,37.66,5.54,-76.42,-13.85,53.26,5.06
1762942531.8256152,-17.52,-64.4,6.94,36.59,-28.88,-0.7,58.96,56.27
1762942532.032614,-60.99,79.23,15.94,33.76,36.49,-8.04,42.07,49.61
1762942532.2397857,19.17,-68.19,68.21,29.42,-9.8,-22.05,72.38,7.0
1762942532.4470687,23.29,-11.35,15.75,65.19,33.62,15.22,0.48,-40.47
1762942532.654986,-37.06,-79.28,-49.06,7.49,-38.24,-31.87,-1.22,26.4
1762942532.8620186,56.33,1.65,79.79,-61.02,-0.96,75.7,40.01,-25.48
1762942533.0687845,-44.09,-53.84,9.6,11.74,26.69,-29.05,29.66,4.0
1762942533.2751858,23.98,45.37,-7.65,47.89,73.53,-56.39,6.66,44.13
1762942533.4828095,-50.04,7.79,-59.13,-52.67,-2.52,4.13,-4.28,2.97
1762942533.6914127,-65.06,79.01,-41.84,36.01,25.14,74.13,-65.86,37.71
1762942533.8982232,78.83,-24.78,-61.91,57.36,-18.15,47.05,18.82,-23.73
1762942534.1056635,-46.11,18.44,67.95,20.13,63.25,-41.72,19.33,52.87
1762942534.3116891,-72.38,-60.89,-49.93,-43.99,-7.35,-32.57,-43.25,41.01
1762942534.519101,57.38,-43.59,67.28,9.02,77.94,-36.35,-72.75,-48.75
1762942534.7272341,52.63,-25.81,66.78,-25.81,-63.32,-43.55,-61.59,-0.15
1762942534.9349701,60.74,52.34,16.69,34.21,45.66,22.3,-71.76,9.21
1762942535.1421947,67.34,65.96,25.67,-28.08,-15.0,-29.11,71.17,45.73
1762942535.3485806,-61.61,17.79,-42.42,77.5,-45.54,60.96,-76.01,36.78
1762942535.5560687,14.74,17.22,12.65,69.49,1.84,-27.71,-28.35,35.32
1762942535.7812107,-51.65,-24.74,54.56,20.11,32.81,-26.28,74.18,-41.58
1762942535.986762,-48.45,6.13,48.2,1.49,-62.3,-22.54,34.89,-56.36
1762942536.194006,61.51,-5.29,-65.46,68.63,-42.23,68.46,10.96,55.39
1762942536.402563,-68.56,-63.93,-37.38,59.13,-44.37,-27.19,-48.72,33.79
1762942536.6121402,-2.12,-51.22,8.15,74.6,57.58,-77.68,-10.19,-60.56
1762942536.8181198,34.99,-28.83,-47.96,-51.48,6.73,-3.98,53.02,21.71
1762942537.0255642,50.21,-2.95,-44.19,-41.78,15.65,30.8,43.68,42.29
1762942537.2332923,67.17,15.38,43.8,58.21,-69.32,-59.47,46.7,0.76
1762942537.4391994,-22.01,-13.11,-12.41,57.07,40.31,30.98,-52.77,-79.9
1762942537.6458604,-3.89,6.14,-78.31,-45.93,33.89,-58.55,-77.28,-53.43
1762942537.901757,-4.42,-56.9,63.16,22.19,-51.8,-60.26,5.85,-17.02
1762942538.1084135,-41.09,-49.36,58.52,-55.66,-0.86,21.0,-66.3,-59.2
1762942538.3166418,-43.61,22.14,-58.58,40.88,56.73,73.64,-14.18,71.67
1762942538.5404787,56.74,46.8,-77.88,16.72,52.65,5.96,34.81,-7.57
1762942538.7634518,71.46,-2.66,-53.65,-22.39,66.23,-40.2,61.19,41.77
1762942538.97188,-35.08,57.2,23.58,-29.39,4.73,61.27,-13.76,20.87
1762942539.1782596,74.54,-18.31,53.01,-46.28,-35.29,-59.82,37.33,-45.88
1762942539.4016805,-18.64,6.12,67.12,-37.09,47.21,-75.19,-45.51,19.14
1762942539.609415,60.4,33.96,42.06,-40.45,-5.51,25.37,-29.55,28.02
1762942539.8166478,73.41,-28.5,36.49,-14.47,-66.08,-76.86,27.86,-72.21
1762942540.0245993,-77.69,-49.87,-17.75,-21.7,-67.55,40.37,53.84,8.72
1762942540.231991,18.82,-25.49,45.78,9.56,41.93,5.97,7.4,66.19
1762942540.439716,53.49,42.52,75.32,-41.15,-71.49,39.0,-5.18,41.71
1762942540.6467073,37.94,-24.13,49.85,64.57,68.44,60.12,-35.26,-47.65
1762942540.8543165,25.34,64.25,31.54,-41.95,-46.22,-2.88,-51.16,-38.8
1762942541.060985,60.47,76.35,33.84,65.13,-64.15,-3.52,-12.28,30.07
1762942541.2670262,-63.96,-44.65,-79.95,42.03,-72.68,-50.47,-42.68,19.15
1762942541.4741387,11.02,-21.89,54.44,35.43,-54.28,25.49,-62.4,-25.31
1762942541.6808457,32.04,-46.32,-38.39,32.24,31.39,64.44,-13.86,24.64
1762942541.8889349,-61.05,43.81,19.46,-59.37,-23.81,-14.76,51.44,72.78
1762942542.1321518,-69.63,-72.52,-0.56,15.85,22.98,-71.26,-60.97,-55.7
1762942542.3368156,12.53,-28.24,5.06,-24.88,-24.11,57.86,-1.75,54.78
1762942542.5433772,28.75,54.33,15.43,-14.74,-7.36,64.08,-21.76,17.87
1762942542.7495675,-5.11,-41.92,-22.71,71.65,-34.44,72.32,-4.96,-59.78
1762942542.9708436,-46.93,-39.09,-74.01,-57.6,-21.68,60.56,-35.86,1.36
1762942543.177005,64.5,39.46,43.69,-13.19,1.23,66.3,-7.39,-27.09
1762942543.3838522,67.18,-15.34,72.49,57.34,56.17,-37.41,65.49,34.29
1762942543.5891569,-18.61,-69.98,-53.79,-0.8,23.9,-59.53,41.26,9.37
1762942543.7974374,30.03,-22.24,-22.52,-41.21,56.82,4.68,52.24,41.41
1762942544.006572,-40.55,53.68,-24.25,-67.33,-21.69,77.39,-28.17,-12.22
1762942544.2577121,-58.11,74.59,41.26,-66.26,-9.19,-14.03,77.28,31.42
1762942544.4635546,6.81,-9.85,45.13,33.85,-20.86,2.15,16.76,42.05
1762942544.6689115,-54.36,-30.11,40.8,-38.08,-52.74,76.41,77.02,-12.57
1762942544.8761542,42.19,-59.47,-75.75,-4.6,-50.38,-61.05,-58.4,6.89
1762942545.0818818,-9.54,-13.84,-74.51,-41.72,-48.68,52.39,57.3,34.87
1762942545.2881904,48.27,52.28,-48.61,-13.95,76.4,18.65,48.65,-16.68
1762942545.494516,-43.8,21.58,0.14,52.73,-33.66,53.41,-1.74,34.54
1762942545.7155452,-19.38,59.67,23.18,-33.8,20.83,-48.73,17.16,32.04
1762942545.9205046,29.65,-56.5,-29.96,-24.98,-70.66,-6.24,3.66,38.01
1762942546.126875,-6.33,-34.39,13.93,-74.35,27.07,20.45,2.06,32.42
1762942546.3334901,-38.85,-47.51,33.25,-18.13,-37.58,28.34,-32.22,62.16
1762942546.5405536,-59.57,48.96,51.21,-64.94,55.22,-25.16,-71.74,-8.98
1762942546.7472687,70.41,48.46,60.7,69.48,69.52,-40.56,79.91,-48.13
1762942546.963714,-60.71,8.77,66.77,63.22,-63.74,-78.17,28.82,-11.24
1762942547.1793833,-3.93,-3.41,53.05,-69.67,16.4,5.52,15.36,49.56
1762942547.3873549,41.96,59.45,-35.49,-39.42,-3.24,56.19,-66.77,8.63
1762942547.5952177,-0.15,31.84,64.16,78.15,-44.72,-15.45,36.2,-59.51
1762942547.8028352,-78.0,-43.38,-51.35,-30.59,-31.48,47.32,44.13,41.98
1762942548.010091,63.25,38.54,49.1,56.6,-8.19,-44.37,26.42,7.54
1762942548.2177594,-20.59,12.04,0.67,-24.75,57.73,-39.19,2.95,-37.58
1762942548.424473,-38.95,-43.18,-49.27,-24.58,52.64,20.24,34.5,-11.76
1762942548.6318421,38.6,34.89,-66.96,52.03,-47.87,22.66,-5.78,-74.18
1762942548.8566496,57.22,70.77,10.67,-34.76,-74.63,-10.88,-2.62,-19.76
1762942549.0795352,2.94,-12.12,-27.62,-55.08,-23.66,-12.44,21.13,38.72
1762942549.2867117,-24.85,69.72,0.58,-2.88,43.82,24.39,19.54,12.03
1762942549.4939036,-33.1,-57.07,-69.58,-2.51,8.55,-32.27,3.99,-57.08
1762942549.726502,32.92,68.34,8.38,46.93,27.07,-25.58,20.33,1.12
1762942549.9407828,14.4,70.12,67.56,-67.14,64.22,43.43,64.01,-40.24
1762942550.1471539,79.08,-13.93,73.73,45.11,3.06,-45.15,33.47,-5.75
1762942550.3543153,-10.5,70.63,-73.51,73.59,43.2,-71.16,-76.88,-57.13
1762942550.5804,-36.12,-39.28,-22.36,-22.97,3.58,64.89,3.66,40.72
1762942550.783214,-70.98,37.6,-56.0,-27.48,50.68,73.87,67.3,-10.53
1762942550.990638,-12.31,-24.11,44.14,-10.73,4.77,1.71,20.04,-62.64
1762942551.196461,10.83,-51.35,-10.25,-33.14,-34.21,47.61,2.04,-59.49
1762942551.4359796,-46.77,8.72,45.01,-44.18,-27.52,-47.6,46.44,-38.95
1762942551.658613,69.69,62.34,13.69,-72.14,0.35,25.83,-56.75,59.7
1762942551.8652484,15.85,-33.42,-68.78,-21.94,30.7,-19.86,33.83,-19.76
1762942552.073158,12.44,19.86,-5.92,-42.64,70.58,77.09,54.02,79.18
1762942552.280324,-24.98,-15.99,-67.97,-24.09,72.65,66.01,77.49,77.69
1762942552.4896052,50.65,8.09,11.77,37.3,-55.44,-8.24,40.83,26.8
1762942552.6968389,44.78,52.12,-49.16,5.16,-68.12,-60.62,72.08,16.14
1762942552.90351,16.45,-29.29,11.3,-8.47,-73.98,-12.32,-13.59,7.57
1762942553.1126661,-3.42,-60.96,55.77,76.25,-11.84,24.32,-34.02,55.95
1762942553.3193965,55.45,70.06,39.59,16.48,-79.16,-7.59,-3.72,36.95
1762942553.5262172,37.39,43.25,-13.68,7.52,4.69,37.65,69.88,0.53
1762942553.733808,42.66,-65.32,-76.63,-57.76,50.98,-54.02,-28.08,29.71
1762942553.9411495,78.76,-78.57,-8.56,-64.03,32.53,76.71,-50.06,-54.21
1762942554.1482036,-56.67,-24.13,53.42,53.78,15.25,-14.59,9.81,-8.84
1762942554.3555527,-20.14,-4.85,13.65,78.67,-46.11,-27.96,24.87,15.8
1762942554.5626814,-60.4,-66.14,-8.24,74.49,-71.56,-67.81,23.85,-29.25
1762942554.769562,14.89,-35.85,29.15,-75.66,-75.53,77.15,60.95,68.08
1762942554.9767616,-52.91,31.21,6.44,-18.0,75.33,-24.61,-27.56,-65.1
1762942555.1836903,52.69,18.47,-20.95,-61.85,23.84,-12.52,62.29,-77.97
1762942555.3904314,-33.35,-20.16,-2.99,-76.92,32.46,4.37,55.04,-34.04
1762942555.5972285,50.86,52.54,46.27,28.9,-52.83,50.26,62.1,-69.97
1762942555.822914,56.95,42.16,-22.72,64.76,-78.11,-73.9,76.47,22.46
1762942556.0610995,-51.06,28.24,-8.49,-17.62,63.48,-53.55,52.47,12.27
1762942556.2678158,10.78,71.48,-16.08,29.56,-47.98,66.84,32.01,49.2
1762942556.4744668,42.3,57.62,21.01,-32.2,19.39,20.5,6.46,-35.32
1762942556.681832,50.69,-5.63,-71.7,-43.76,-58.59,50.66,1.67,11.2
1762942556.886385,-65.9,25.65,-70.26,51.57,-46.61,-25.91,72.33,-27.01
1762942557.0904007,-74.22,-76.65,15.68,7.21,-25.29,-3.91,-18.13,67.62
1762942557.2969847,-36.14,-54.98,41.52,-67.05,14.3,35.35,59.52,74.53
1762942557.5203283,65.92,-24.36,-59.98,40.99,23.24,-18.43,56.58,78.84
1762942557.744461,7.05,34.96,-25.97,-39.26,-65.99,24.5,-75.4,-44.06
1762942557.9512463,7.27,-24.3,-31.57,28.35,1.77,-36.9,-15.15,-15.02
1762942558.1588275,58.03,49.43,53.22,11.98,-29.35,-33.6,35.76,11.9
1762942558.3674407,-41.44,-5.86,9.96,74.44,-52.43,-41.71,-22.23,4.05
1762942558.5756354,-38.5,22.0,10.85,-21.54,-0.64,52.94,5.75,59.96
1762942558.7834835,-20.68,-19.9,60.48,9.19,7.19,32.72,-17.01,39.56
1762942558.9916718,28.97,24.11,51.3,43.67,70.5,20.16,70.99,-44.43
1762942559.199176,12.05,-38.62,69.52,-23.27,-18.75,-14.0,-33.27,-50.45
1762942559.4080598,14.88,-30.62,-15.63,-33.71,41.61,-72.83,-40.41,-31.95
1762942559.614241,-45.6,42.75,16.55,-73.43,-73.49,54.8,-6.4,55.53
1762942559.822279,-64.96,13.71,70.81,50.07,-25.47,-4.65,-12.03,66.34
1762942560.0293756,5.15,-59.96,-37.96,-45.21,-58.73,49.03,-40.66,29.98
1762942560.2362673,76.2,26.78,40.54,-46.72,-24.19,63.58,13.42,17.02
1762942560.4442546,13.86,60.41,-17.13,38.29,0.0,51.1,-7.13,6.84
1762942560.6508884,-54.41,19.87,17.34,-31.96,50.55,-9.83,60.05,69.32
1762942560.8582542,9.75,-70.06,-31.21,-18.64,-61.89,-7.49,67.53,-51.38
1762942561.0664923,21.17,-14.52,66.49,17.4,-57.09,55.75,-38.18,-43.35
1762942561.2725775,-56.47,42.1,48.9,73.86,-3.68,34.36,-39.71,2.93
1762942561.4802392,-71.85,-8.6,27.58,-62.43,36.93,-48.36,-29.23,-74.88
1762942561.6882706,-10.62,-68.92,8.32,69.93,0.44,-62.29,-2.76,51.12
1762942561.8947906,-67.25,-25.75,47.6,12.54,15.88,-28.16,-39.05,-42.08
1762942562.102436,51.64,-65.04,9.58,23.55,32.98,-52.07,-67.42,-56.36
1762942562.3099396,-68.53,-66.9,-12.28,27.27,-41.43,-72.95,57.75,14.79
1762942562.5513096,-68.16,10.32,36.44,64.63,-1.89,-63.91,32.81,16.13
1762942562.755668,11.58,-43.85,-3.35,63.58,-22.59,-44.06,66.64,-11.12
1762942562.9623854,-52.09,20.36,31.64,-35.64,-4.05,32.94,-66.12,1.1
1762942563.1695106,-70.45,55.9,-38.81,3.36,-56.97,68.18,74.21,-39.94
1762942563.3928168,4.11,46.57,-44.18,-11.65,66.51,39.2,36.77,-37.05
1762942563.6008427,19.43,71.0,-11.73,58.89,17.95,19.11,35.58,21.81
1762942563.8058925,-42.56,66.91,-74.64,-6.24,67.22,-31.34,36.94,66.37
1762942564.0115924,-2.98,38.71,5.94,52.01,1.09,41.56,-41.56,-47.58
1762942564.2201993,-17.27,56.29,-63.68,1.67,61.56,-3.45,-25.28,-33.77
1762942564.4280467,21.81,-70.5,0.18,20.59,43.39,-34.91,47.75,-59.71
1762942564.6356485,-32.57,-17.03,-42.14,-45.51,30.35,-30.27,67.5,-44.54
1762942564.8405323,73.65,35.23,41.05,19.03,79.35,-4.01,0.46,32.09
1762942565.0779388,-65.76,26.2,5.98,21.01,-77.32,-11.2,59.27,27.78
1762942565.2840972,23.96,-27.19,-17.74,22.7,9.27,55.68,17.8,-74.85
1762942565.489175,71.81,-34.7,-21.76,-43.18,44.23,16.12,-28.2,59.21
1762942565.694808,-27.79,-7.38,-54.74,15.08,14.87,-20.82,51.8,28.94
1762942565.900748,-70.97,48.07,52.27,-46.93,20.86,71.64,-63.44,53.34
1762942566.1074948,20.09,-18.76,-14.07,42.83,-77.34,11.99,71.64,47.5
1762942566.312894,-5.83,25.29,58.35,11.11,-69.56,50.59,32.69,5.11
1762942566.5195658,-35.9,-23.03,-43.28,36.26,-2.68,-21.66,-59.58,-35.33
1762942566.7734413,39.76,49.0,-14.79,53.56,-74.4,45.92,11.74,-78.52
1762942566.9948356,-3.6,8.61,76.91,31.15,-45.46,-76.14,-50.16,66.24
1762942567.2495096,-42.86,-22.78,65.77,-61.81,45.85,-19.57,-70.82,7.47
1762942567.4566233,-58.66,19.82,-50.47,-8.63,-29.21,50.39,-26.62,16.99
1762942567.6633074,-70.81,-33.26,23.16,11.19,35.4,41.29,76.92,-51.29
1762942567.870258,3.31,8.21,33.27,-18.94,-68.3,10.65,69.86,57.84
1762942568.092914,-56.79,66.85,-2.16,11.59,79.07,-17.21,24.7,-65.93
1762942568.3003318,-16.03,-61.82,5.89,69.86,41.16,62.84,-20.45,-74.61
1762942568.506587,-44.25,19.66,34.69,59.97,-57.05,-55.86,38.44,79.89
1762942568.7249622,14.99,-27.95,-58.07,-21.86,-14.95,-40.36,16.79,29.6
1762942568.9359624,21.89,58.06,27.93,52.47,8.4,59.77,-69.81,56.71
1762942569.1420066,13.61,51.79,77.16,-33.45,-18.67,16.57,-14.36,-74.54
1762942569.3484776,-76.28,-6.87,-6.7,35.48,-78.98,-72.88,-78.98,33.27
1762942569.555886,-71.92,10.62,-78.65,-0.09,10.8,70.57,-62.62,17.52
1762942569.7621803,43.55,-70.87,-28.36,-1.05,74.55,44.92,54.23,-47.76
1762942569.9695292,19.06,51.83,53.81,50.4,28.04,68.22,51.9,-52.27
1762942570.1774483,-27.68,-73.85,-12.57,-7.87,-45.99,4.05,78.39,12.05
1762942570.4009109,-26.36,-30.43,7.58,-29.2,-36.71,-76.5,-2.96,57.14
1762942570.6065664,28.16,-11.26,-45.4,38.46,13.71,-28.56,-0.77,-5.27
1762942570.8132317,26.97,12.44,-12.87,68.95,-1.64,-7.19,-16.32,-67.41
1762942571.02146,62.28,54.56,10.25,53.99,79.79,41.58,-78.47,60.0
1762942571.2459333,-12.36,-54.97,-64.31,-33.36,38.66,-51.57,17.32,-44.51
1762942571.467366,22.4,11.97,23.57,-67.07,40.41,62.65,12.96,33.55
1762942571.6748679,28.7,52.6,53.45,18.38,49.59,17.72,-76.2,-53.39
1762942571.8820353,34.37,40.61,-12.86,-11.0,66.8,-17.39,-39.58,-24.34
1762942572.0900085,62.92,13.3,54.48,30.23,0.75,5.48,18.02,-1.16
1762942572.296081,8.09,70.14,20.56,34.41,-2.93,5.55,48.31,-13.38
1762942572.501872,17.55,51.71,-73.99,75.18,16.24,29.46,47.68,61.49
1762942572.716302,14.27,61.4,44.14,-50.54,30.5,-9.86,29.71,9.06
1762942572.927686,31.52,58.76,-60.69,48.89,70.55,61.31,-65.04,-7.47
1762942573.1388419,66.18,51.97,9.57,37.1,-44.1,-62.76,41.6,-74.46
1762942573.3449492,-77.92,-10.0,-22.89,11.86,55.54,1.75,-13.04,-21.67
1762942573.5509624,45.96,14.09,77.03,29.26,-5.9,-8.77,27.29,-75.94
1762942573.7572925,-10.31,59.58,-1.4,17.31,-3.62,-59.61,-36.06,16.53
1762942573.9634957,5.07,-71.6,-10.67,28.85,-24.1,69.54,68.94,-58.16
1762942574.1692355,3.86,31.44,22.53,-24.61,-56.74,75.17,-28.51,65.17
1762942574.3744416,61.51,-24.0,-0.71,-6.03,-1.08,71.39,10.8,1.97
1762942574.6010003,-38.5,-21.19,55.44,-75.82,7.62,10.65,9.29,17.2
1762942574.817539,22.1,-54.4,-34.87,-50.77,29.87,-77.27,22.67,-4.19
1762942575.055277,-15.56,2.48,67.09,44.96,-59.13,-60.09,-35.56,22.39
1762942575.261071,41.09,-40.67,56.74,-34.87,-71.87,19.93,-67.71,-44.94
1762942575.4670908,33.91,-54.97,15.55,20.31,-32.05,1.13,10.91,26.13
1762942575.6717803,40.88,70.78,-23.07,-74.42,-79.36,-40.52,-76.3,1.42
1762942575.910696,-22.17,-47.76,61.94,-46.07,50.45,47.11,-47.01,27.65
1762942576.1273386,-19.61,64.33,-68.63,6.84,4.53,-39.13,47.93,2.29
1762942576.3332515,25.24,-15.75,5.08,-35.12,-66.88,-46.26,-29.16,26.62
1762942576.5395246,9.06,75.52,79.32,16.59,78.62,-14.03,28.85,-67.26
1762942576.7442856,37.27,48.66,-55.33,-66.64,30.92,28.93,69.36,66.47
1762942576.950045,16.64,42.82,26.58,-75.13,-47.58,-9.06,55.91,50.3
1762942577.155488,5.91,33.27,-75.87,-75.88,62.66,-29.05,74.53,-73.46
1762942577.3596897,37.11,63.69,79.41,32.18,-28.28,-32.07,74.94,-26.22
1762942577.6282063,-19.65,-23.49,-34.26,52.23,28.45,-7.34,64.97,52.12
1762942577.8658435,-69.8,55.17,-73.91,-30.74,54.51,34.22,41.28,2.23
1762942578.0715618,-56.31,47.4,-64.04,16.82,-52.11,30.76,-50.72,79.82
1762942578.2830818,6.76,26.21,-1.82,-78.35,-42.86,-41.07,-58.32,-23.56
1762942578.549149,73.63,-36.48,65.52,16.08,-8.09,-57.0,-9.65,-21.38
1762942578.7548795,17.57,-30.46,64.9,22.72,19.05,21.51,37.67,-9.86
1762942578.9763246,17.56,5.54,53.33,26.62,-30.95,22.43,7.19,-79.78
1762942579.1997263,-74.71,54.91,-75.2,47.41,57.61,58.15,-75.51,53.13
1762942579.407012,20.74,34.35,-50.23,-12.88,41.0,17.46,8.65,-71.51
1762942579.634275,51.48,-49.15,-41.84,-62.65,1.14,-50.1,46.88,8.31
1762942579.8652625,-49.27,-33.2,-17.28,17.71,73.95,63.1,23.02,25.07
1762942580.071157,11.42,-57.05,11.34,51.8,20.07,-40.29,8.9,23.66
1762942580.278163,18.0,-55.58,35.17,12.92,9.62,-59.34,43.67,22.46
1762942580.502334,-40.31,26.15,10.0,-78.97,-32.79,-44.4,-31.39,-8.93
1762942580.7103636,1.84,20.31,-30.36,9.51,79.95,69.9,48.09,0.08
1762942580.9326227,60.61,44.75,-51.03,13.47,63.53,-47.5,18.54,-5.92
1762942581.156361,35.04,13.41,72.14,-23.93,50.93,41.08,-61.98,-56.09
1762942581.3652613,47.17,62.04,8.85,10.08,-14.58,10.2,50.53,-31.73
1762942581.603579,-23.22,-73.91,48.65,56.73,41.98,60.57,-61.36,50.77
1762942581.8114138,-70.0,-35.16,12.15,-42.54,17.82,79.03,17.06,41.36
1762942582.0194833,-32.03,-21.9,31.65,-70.83,-32.39,14.77,-53.57,-33.89
1762942582.2424185,9.65,6.34,10.97,26.34,30.95,-10.71,-9.84,5.53
1762942582.4497588,66.9,28.27,-73.17,39.34,-1.71,34.59,-14.61,-11.54
1762942582.669832,53.09,29.83,-47.96,70.82,50.33,30.01,-52.9,-69.92
1762942582.8748941,27.18,-16.98,-38.31,16.19,-62.43,8.37,-32.98,-43.26
1762942583.0810711,73.15,-54.16,10.54,-35.85,21.92,-53.7,49.61,73.12
1762942583.3344626,-18.48,-76.63,36.8,32.35,57.82,-67.49,-30.43,-71.6
1762942583.5415022,-25.11,5.36,-42.66,73.41,-8.09,66.01,62.31,9.7
1762942583.7458112,-79.5,-47.58,-63.73,17.42,33.82,-48.77,-15.14,-44.5
1762942583.95163,-26.11,-48.09,-52.45,0.69,-10.21,56.01,78.28,-46.67
1762942584.1563506,-42.76,0.9,78.58,58.45,13.73,10.48,-8.5,5.75
1762942584.3951573,-30.68,6.56,-0.88,-7.54,-25.3,20.38,76.62,22.93
1762942584.60303,24.2,-55.82,-48.48,25.6,-64.23,-25.17,10.98,-75.28
1762942584.8091218,2.69,77.86,-13.81,15.46,22.31,43.92,-74.54,23.27
1762942585.0173426,27.68,-36.33,40.94,40.87,-27.71,-29.04,-66.71,0.31
1762942585.2249339,72.0,-64.85,-47.06,-52.41,-36.87,-34.15,-20.61,-33.13
1762942585.4320762,68.79,5.35,-5.44,-26.24,-38.92,-2.72,-18.83,-33.52
1762942585.639144,-1.17,27.35,-64.49,-8.39,-36.35,-8.59,1.62,-33.17
1762942585.8670726,-61.24,-63.2,-45.34,-22.76,23.99,33.18,-47.38,-55.98
1762942586.0705874,35.94,-58.32,-7.88,11.99,-14.13,-56.93,-19.11,40.31
1762942586.278056,-11.66,40.68,-16.64,59.88,31.37,-57.71,-5.78,-35.93
1762942586.4853714,-57.18,75.2,51.36,-77.45,-48.8,-64.03,-64.07,52.02
1762942586.7106194,-7.19,-4.01,-16.77,73.69,-13.53,-34.85,-57.04,11.97
1762942586.9152186,-28.77,61.28,19.87,13.81,-60.41,23.64,17.92,68.76
1762942587.1219954,35.68,-6.79,-29.81,-59.46,47.97,-58.2,33.0,40.19
1762942587.329279,29.65,58.55,33.48,66.43,26.8,-41.36,39.61,-45.99
1762942587.5369081,45.82,-73.43,-72.95,44.93,-79.68,52.22,-72.68,32.71
1762942587.7440307,75.12,-63.91,74.63,-77.52,24.55,-57.45,-54.11,-48.74
1762942587.9523418,-33.01,-18.37,-41.57,-17.02,0.99,-5.27,58.23,76.77
1762942588.1592326,-69.69,15.89,-60.76,2.07,-8.98,-0.8,-53.05,-40.2
1762942588.3826303,4.94,3.74,-13.51,76.94,1.05,-0.35,54.8,-57.1
1762942588.6066856,41.14,58.77,76.87,-42.47,58.58,48.34,-34.73,8.04
1762942588.8125753,-6.6,-11.95,70.31,-40.28,40.91,-74.48,-4.33,26.55
1762942589.0203357,60.99,-47.58,-24.9,64.53,-41.46,6.56,-7.56,-3.56
1762942589.2282655,62.61,31.28,69.19,47.02,-74.55,45.2,-12.6,-34.05
1762942589.434815,43.11,21.88,-0.92,54.7,-56.26,51.14,58.05,41.54
1762942589.642567,57.56,-36.73,-61.36,-70.67,17.07,-20.86,-37.95,71.35
1762942589.8508883,47.13,-46.88,78.61,31.34,-42.64,-12.41,48.6,17.79
1762942590.0583127,-50.91,4.89,-71.98,77.16,53.78,41.06,23.35,-21.13
1762942590.280685,50.96,66.73,-7.26,19.61,58.79,36.27,-66.1,23.14
1762942590.5370014,45.26,-28.95,-32.97,-3.71,53.38,-33.36,-1.67,3.21
1762942590.7443402,44.46,-76.22,47.59,-30.45,65.36,40.81,60.81,14.85
1762942590.9522874,-44.13,48.68,-29.84,-34.53,-62.62,-45.13,-54.89,9.85
1762942591.15908,55.3,38.76,25.51,52.69,32.79,44.65,-62.58,-40.65
1762942591.3827262,-61.91,10.6,18.12,-23.68,-53.09,1.89,-47.5,1.68
1762942591.6388178,19.42,-28.08,-18.3,-63.76,-36.51,-58.58,6.53,-55.29
1762942591.8463771,-55.46,-25.62,-3.1,-9.37,12.87,0.76,38.22,-4.96
1762942592.054449,-38.12,15.66,31.72,-3.26,11.63,64.0,-57.28,66.29
1762942592.260918,52.48,-48.9,-2.45,47.47,-43.87,-78.26,25.44,9.13
1762942592.4696665,-38.37,-69.69,-59.82,-55.85,-1.55,-76.95,33.49,-35.6
1762942592.742389,32.67,-52.78,-72.83,-76.41,-3.0,32.72,18.23,-46.73
1762942592.9491167,-8.68,28.47,-42.53,-73.43,21.1,-63.18,-66.51,64.69
1762942593.1570883,0.03,39.02,-63.2,-3.01,32.54,-5.53,-9.9,-50.32
1762942593.365141,-24.58,-5.19,11.36,6.29,19.45,18.12,42.56,43.21
1762942593.5893283,-9.26,-2.37,-57.03,-32.48,6.54,59.1,45.89,38.95
1762942593.7958252,-25.46,51.7,16.28,77.04,-64.6,52.42,-71.32,54.71
1762942594.0025575,-51.2,-59.4,-21.5,48.69,72.09,-41.24,-26.29,-45.23
1762942594.20969,-51.19,-46.48,67.85,15.35,64.11,51.68,3.46,-0.23
1762942594.4179537,61.78,-68.42,50.31,0.54,-75.58,29.92,-40.84,57.87
1762942594.6247916,43.02,-73.8,43.51,-28.06,15.52,-40.86,-22.43,-17.29
1762942594.830902,44.79,10.53,51.94,-79.71,-51.84,-60.27,-71.65,10.86
1762942595.042895,58.42,50.7,31.52,-63.25,-41.93,32.34,46.36,-77.26
1762942595.2578738,4.83,-68.39,-41.12,19.08,-19.33,-0.01,30.49,-61.59
1762942595.4637039,37.99,-23.62,73.91,64.64,68.34,56.63,60.49,38.96
1762942595.6750116,-4.87,-31.26,-17.95,20.65,-0.67,-62.76,-48.65,-24.68
1762942595.9346094,-41.78,-2.75,-78.99,48.45,35.3,-62.79,-7.42,32.5
1762942596.1434932,-6.31,-32.02,50.01,-39.4,-18.47,-21.23,19.93,-24.4
1762942596.3503232,47.9,26.96,-19.66,61.29,-30.21,-37.51,14.76,-62.3
1762942596.5728636,-37.28,20.97,-42.72,-49.74,45.36,77.24,19.02,-17.03
1762942596.8434763,-19.54,4.74,-8.64,73.3,-56.65,-17.08,-53.45,31.71
1762942597.051265,63.82,69.84,60.54,37.58,-55.69,24.51,-66.49,15.31
1762942597.2627556,73.39,76.59,-38.4,-27.55,12.03,37.79,20.73,67.56
1762942597.4822593,68.02,23.4,48.85,-6.64,44.03,-18.92,-54.7,51.78
1762942597.6891725,76.71,5.14,7.27,-74.98,-71.61,67.42,32.15,66.49
1762942597.9121306,-56.3,-49.87,36.82,26.83,-76.65,38.94,69.19,-11.74
1762942598.119719,79.81,54.5,-14.36,2.42,72.89,-45.94,-68.41,37.55
1762942598.3267305,-10.95,-66.0,54.87,-50.94,-58.99,-9.97,-47.75,-67.74
1762942598.534959,10.51,-4.27,-73.4,18.32,-42.78,20.0,37.02,17.05
1762942598.7874048,50.12,16.88,65.3,15.99,6.41,-71.81,9.04,-59.16
1762942599.0073676,-8.52,-6.32,-64.47,76.57,42.43,54.08,-48.63,-12.61
1762942599.2293725,-64.41,-10.45,59.96,-13.39,40.57,24.59,49.27,70.67
1762942599.5142424,77.28,6.27,9.26,70.88,7.65,75.79,19.49,-47.89
1762942599.735314,46.13,11.57,30.05,-18.86,37.91,-61.29,-74.56,-8.04
1762942599.9744987,-31.04,-75.6,-24.19,-0.69,-14.35,8.27,-34.38,-72.62
1762942600.225373,78.95,56.41,-1.15,-8.45,-34.48,-24.94,70.1,-59.85
1762942600.431,5.9,3.94,27.87,50.21,-49.1,-62.75,25.76,-12.48
1762942600.6680238,35.77,30.78,-68.63,-74.53,32.0,5.16,16.22,54.1
1762942600.9230618,36.49,-6.91,-3.94,65.46,-44.69,-57.53,11.45,24.46
1762942601.1289675,38.04,0.63,-71.68,26.84,38.63,63.56,-50.49,34.07
1762942601.383351,66.19,32.69,-29.25,22.05,-41.71,1.26,-20.58,8.86
1762942601.651373,-14.16,-23.45,42.44,-52.81,60.07,66.62,-37.97,71.1
1762942601.8579752,-70.46,56.42,-37.32,-36.91,38.39,-75.49,9.96,39.58
1762942602.0806415,-41.82,7.87,-18.61,1.61,-38.3,-35.97,-14.57,-51.79
1762942602.351509,26.99,-20.18,-78.76,38.18,1.65,12.55,-17.77,70.59
1762942602.558402,3.89,21.53,-67.38,-29.66,11.96,19.17,-22.63,-37.19
1762942602.781375,-72.76,75.27,78.39,-67.31,-69.57,29.46,5.36,65.31
1762942603.0359974,-31.68,32.91,31.83,-1.38,-54.01,75.42,6.95,1.6
1762942603.2426012,-40.2,65.15,0.67,32.44,55.77,-31.9,-7.1,-45.74
1762942603.4897306,70.06,-68.57,-38.42,-48.86,25.38,43.75,22.32,30.15
1762942603.747328,-19.64,29.81,41.54,73.44,-35.89,31.28,27.54,44.23
1762942603.9543953,70.88,15.59,-6.16,57.32,-22.92,74.9,-66.6,-61.11
1762942604.1732605,57.55,72.98,22.76,36.51,5.99,74.86,32.26,-12.31
1762942604.3786898,37.2,45.8,23.27,-52.37,76.96,-22.37,20.79,50.47
1762942604.6165276,23.41,26.7,-34.94,38.0,-58.75,-70.59,-10.48,-56.19
1762942604.869594,-4.35,-59.3,0.97,64.96,36.27,27.16,-13.73,-76.01
1762942605.0754209,61.77,-74.3,37.69,-5.59,75.82,5.25,-63.52,44.55
1762942605.2995448,-12.0,61.4,-28.11,24.73,-56.21,79.36,70.97,57.33
1762942605.5650773,66.68,-72.45,52.33,38.02,-6.91,49.03,-41.45,78.11
1762942605.77179,-67.96,30.68,42.41,51.57,-72.85,33.83,62.97,-57.73
1762942605.9943862,-1.43,-78.58,8.85,34.86,-23.09,-77.15,47.21,-43.3
1762942606.266407,-7.14,-59.64,50.62,-45.47,55.09,-38.26,52.86,-55.64
1762942606.47327,3.07,2.36,60.04,4.59,59.37,54.97,-27.82,-6.77
1762942606.7117958,15.98,37.86,-65.26,-56.06,-38.4,74.43,33.71,-0.06
1762942606.9192386,19.46,-49.74,-51.04,30.38,32.81,-18.07,-68.05,-12.58
1762942607.1270273,-77.21,70.75,72.59,51.78,66.69,-31.66,73.05,5.8
1762942607.349869,65.35,-37.06,-35.16,-12.56,-1.5,-24.7,67.62,-68.37
1762942607.558156,33.11,20.95,64.76,3.85,-18.33,-1.11,51.83,2.7
1762942607.765713,-27.34,-40.55,72.36,78.08,37.02,-73.13,37.37,19.64
1762942607.988371,77.92,28.61,-36.32,-30.41,17.03,-9.34,14.04,6.14
1762942608.19483,-54.96,-38.74,2.71,-39.78,-0.33,-30.02,-23.63,14.92
1762942608.4019244,-65.84,3.19,41.08,71.92,-65.07,27.91,5.44,-55.0
1762942608.6164274,-10.38,45.38,-46.94,68.67,-3.75,31.8,72.3,75.59
1762942608.833077,64.87,23.46,66.84,-70.33,-68.48,-6.07,59.1,5.02
1762942609.039975,40.93,-4.3,-11.11,25.58,-42.68,-26.39,69.63,-15.76
1762942609.2513423,-22.36,37.68,58.88,37.6,65.33,35.47,-64.66,-54.46
1762942609.4694617,-77.85,-25.74,58.84,-51.64,-50.86,71.2,76.07,-34.45
1762942609.675685,-27.3,10.42,68.49,56.58,-24.9,-20.82,-78.39,-39.96
1762942609.8967905,61.88,67.26,-79.04,35.06,14.38,40.59,65.54,-30.73
1762942610.1074805,-42.16,-6.52,38.13,-17.94,39.27,69.78,3.05,10.54
1762942610.3148465,-25.96,-8.46,-43.61,31.48,-7.95,-43.86,-40.17,-34.56
1762942610.5390031,17.3,41.88,-32.59,28.46,-47.5,6.19,50.76,78.73
1762942610.7461822,-72.15,10.06,12.74,-44.46,65.33,-39.4,-63.42,-45.44
1762942610.9528096,38.1,9.53,-76.73,-25.06,-39.72,72.08,-0.4,55.79
1762942611.1758678,-0.7,-65.61,75.04,-51.17,15.53,-59.41,-30.39,22.16
1762942611.4159777,-37.78,-63.45,67.67,61.52,0.22,-39.53,-52.45,-57.6
1762942611.6232924,-68.27,-59.07,-35.25,9.55,-13.91,44.18,48.64,-52.96
1762942611.8399723,46.23,-69.93,-31.13,-20.19,-79.35,62.67,8.48,24.58
1762942612.0523224,70.92,58.36,-8.19,-15.83,35.95,44.2,-48.32,-36.77
1762942612.2578526,-36.94,9.25,50.82,61.5,43.83,-39.3,-65.16,53.48
1762942612.465837,33.07,0.42,55.74,-4.98,6.59,58.09,-59.88,-68.17
1762942612.6747231,-9.54,-77.09,-10.87,63.19,-6.9,-25.15,61.36,-35.63
1762942612.8829622,-25.55,20.76,-16.79,-40.87,33.91,-7.11,-73.52,-30.18
1762942613.0906928,-23.91,27.1,20.33,-46.7,-57.84,-17.22,61.21,35.49
1762942613.297861,33.33,48.78,12.09,77.54,-50.37,51.65,59.52,56.76
1762942613.5212915,60.41,0.68,-52.48,-29.03,-9.5,75.33,39.67,55.93
1762942613.7292676,-41.4,66.05,3.94,-20.65,42.1,78.43,65.94,-18.81
1762942613.9358358,23.48,78.34,-55.6,-50.28,-73.23,-8.43,57.28,68.83
1762942614.1434493,69.68,-72.99,63.27,-0.56,-10.28,-45.83,-30.56,-54.27
1762942614.366326,-4.54,-49.84,57.36,41.85,38.15,6.36,-41.32,72.13
1762942614.5738409,-25.21,41.38,77.62,-29.15,-19.65,-60.29,31.47,-66.42
1762942614.7958992,-77.8,-78.46,67.05,-55.78,-38.11,-30.05,-44.44,-21.23
1762942615.0333416,-71.98,16.74,50.11,-8.25,63.51,-1.7,-55.89,77.54
1762942615.241614,-4.4,-20.22,-3.29,-11.87,46.38,-40.58,51.53,-1.17
1762942615.4676805,48.0,-27.57,-50.69,-41.33,-60.89,68.82,36.06,72.37
1762942615.7357285,19.97,-27.1,-57.39,26.93,57.65,-49.04,-78.51,-66.85
1762942615.9432564,27.36,50.48,-55.59,-10.88,-5.59,-74.17,57.61,-3.18
1762942616.1702535,-22.36,-37.15,24.27,74.03,17.62,63.91,-13.39,57.67
1762942616.3911881,38.41,35.43,-35.91,-45.57,-25.71,3.21,76.13,-62.24
1762942616.59619,39.03,-16.56,-1.78,76.37,56.29,28.26,-28.14,-24.92
1762942616.8167462,-38.57,-40.95,-70.95,-72.39,-53.22,-37.36,58.16,-10.67
1762942617.0518918,-7.68,-70.12,79.4,65.38,-62.88,-60.88,-5.64,-8.38
1762942617.2774782,-11.32,-73.48,26.85,45.56,-42.67,-58.38,-53.81,68.34
1762942617.4999328,-71.2,58.22,-67.6,-14.56,34.67,49.79,77.23,-73.36
1762942617.716536,-8.81,-3.1,-29.44,-0.8,47.2,-12.52,-11.77,22.0
1762942617.9298298,-55.99,-35.71,54.66,-54.9,8.04,15.85,-77.03,7.35
1762942618.1370308,31.4,44.55,-12.89,70.6,45.53,14.24,4.47,47.23
1762942618.3601582,74.87,-24.24,44.5,51.57,-0.04,69.45,31.27,6.25
1762942618.5845041,64.81,18.79,-42.81,-17.84,3.92,35.25,74.41,-52.08
1762942618.7912774,25.21,-19.51,31.27,33.09,-34.1,39.4,30.31,46.12
1762942619.002264,-5.03,-75.86,58.72,-48.77,6.33,-16.26,48.79,-28.41
1762942619.25355,-48.01,-61.76,65.84,6.28,-28.38,-79.54,4.95,-36.09
1762942619.4614475,6.77,25.65,71.46,-54.01,64.9,1.48,-79.52,50.51
1762942619.6795824,39.35,62.15,-57.61,72.67,41.33,-29.51,70.1,75.67
1762942619.8915913,13.92,-65.34,-40.39,51.56,-4.98,46.6,74.84,-30.1
1762942620.0970614,38.71,-4.34,-54.55,-57.75,-25.16,0.9,79.49,-66.45
1762942620.3192284,-20.98,75.75,-77.94,-56.19,43.42,4.62,-34.64,-77.4
1762942620.5580518,28.36,67.9,66.36,-62.66,73.8,2.35,-39.4,-3.52
1762942620.777036,-63.35,78.93,11.29,-14.53,-40.87,62.33,35.76,-38.96
1762942620.985694,-57.43,-7.11,53.74,-70.77,-39.93,-74.7,-36.27,26.55
1762942621.2067175,43.37,26.11,62.31,62.33,-60.41,7.36,-41.12,-67.06
1762942621.413839,17.7,41.22,-42.31,-0.85,40.79,-68.37,79.7,44.31
1762942621.6198242,60.63,70.1,-42.73,-60.99,10.67,-7.66,59.3,9.86
1762942621.840256,-48.51,-44.76,16.35,28.97,-17.29,36.52,-4.09,-73.09
1762942622.0492682,-72.09,-43.94,-28.04,64.03,-52.87,17.32,15.81,78.62
1762942622.2951398,-35.09,-45.25,-22.27,-47.96,-79.11,35.39,4.25,66.0
1762942622.5024662,-61.41,66.48,-27.56,8.89,-7.58,-17.66,35.43,-55.94
1762942622.7095466,33.93,-29.15,51.28,22.65,63.25,52.81,1.97,64.07
1762942622.9387462,51.69,17.75,14.41,54.04,-33.21,-14.1,-75.3,64.27
1762942623.1788058,57.45,59.47,-66.99,-79.07,29.22,73.05,-57.59,15.71
1762942623.3850322,-12.72,-52.56,63.38,1.1,-2.29,77.14,72.45,43.27
1762942623.6083755,-49.79,13.4,47.36,-50.82,-48.53,-12.6,-12.87,-28.29
1762942623.82987,59.52,-16.33,27.7,52.73,-33.17,27.26,-30.46,-0.7
1762942624.0380201,-28.11,-53.2,-27.74,30.61,58.77,74.21,-17.5,-18.19
1762942624.2664752,-62.89,43.46,-68.19,-29.25,8.17,-19.27,-64.2,76.16
1762942624.5022159,26.04,-0.92,42.87,-79.16,27.29,-75.81,16.54,11.02
1762942624.7095392,-4.6,-71.74,-30.0,-33.5,-66.33,12.81,51.92,37.17
1762942624.9334867,-66.21,-35.32,-29.08,77.58,59.62,-5.26,46.99,51.84
1762942625.1572578,-35.41,-18.65,-9.36,63.39,65.58,-67.04,-57.65,53.46
1762942625.36261,-5.18,39.22,60.38,10.91,34.54,28.02,-3.8,-16.0
1762942625.5859535,78.77,75.92,-75.74,35.68,48.09,-56.93,52.22,31.49
1762942625.846674,40.2,-65.41,59.6,58.96,43.13,-47.37,52.72,-69.33
1762942626.0541418,44.63,-22.28,-69.81,24.09,25.7,30.51,-65.08,76.12
1762942626.2873304,-22.08,-23.29,10.83,8.7,55.41,29.76,36.46,-46.27
1762942626.5883486,68.08,-60.98,-10.77,-28.25,-19.16,24.81,-0.85,75.48
1762942626.8208644,35.96,-2.36,-21.47,-51.91,63.78,57.71,21.53,-76.8
1762942627.063621,42.04,-40.34,-24.34,-35.95,71.31,-76.77,62.46,26.54
1762942627.3417044,8.87,-1.04,21.45,77.53,-17.6,57.38,7.75,45.48
1762942627.5641975,-29.64,-75.83,-60.56,-48.12,32.53,32.58,-17.12,3.52
1762942627.7855058,74.84,31.11,-9.04,18.0,39.36,-77.54,-40.21,17.73
1762942628.0215442,33.78,-70.33,-10.48,18.77,-7.68,2.01,15.04,-55.74
1762942628.2275927,33.37,-16.74,79.75,-53.83,-55.81,62.81,-52.4,40.87
1762942628.4369826,19.81,77.55,52.94,-12.86,-73.26,-49.33,7.24,-31.14
1762942628.6665993,60.67,-2.7,-70.0,-72.69,-58.74,18.39,-24.0,7.75
1762942628.8998113,69.92,-62.78,76.15,-66.62,-73.61,-33.79,33.14,57.66
1762942629.121324,22.69,2.61,-24.75,-46.6,-26.65,-56.56,36.71,-8.94
1762942629.3325942,42.91,19.01,60.36,49.59,-15.99,27.06,5.26,58.18
1762942629.5714562,-79.08,-20.41,-17.56,-48.41,15.19,-68.88,-3.71,-11.28
1762942629.8032491,77.43,42.59,35.91,56.06,-6.88,-2.13,6.48,-36.37
1762942630.0086677,56.87,23.88,-20.53,-1.26,22.31,0.4,-7.95,-29.25
1762942630.2143273,10.71,33.67,-5.38,-29.4,36.86,-28.9,-18.98,-37.35
1762942630.437563,42.65,34.11,-65.19,-40.43,3.6,40.28,-20.11,29.71
1762942630.685922,6.16,53.4,-22.78,41.88,14.96,36.33,47.14,36.19
1762942630.915182,38.71,45.3,-17.37,-40.21,17.33,27.01,-39.87,78.03
1762942631.1422148,61.94,2.27,25.25,-57.75,32.6,-70.12,-31.51,-2.1
1762942631.3489563,6.83,-22.66,21.5,-39.81,6.52,-0.07,79.58,-34.36
1762942631.6176815,72.89,-6.13,37.4,-39.69,-40.74,10.57,-34.37,-15.14
1762942631.8870945,11.44,-21.11,-24.1,32.89,22.85,-61.91,36.15,35.36
1762942632.0932798,30.86,52.93,22.66,-1.34,-6.31,-8.19,-6.23,-46.54
1762942632.298596,-66.79,78.07,12.81,-18.16,-6.26,63.97,14.86,35.59
1762942632.5064545,-34.05,-67.85,14.55,-45.88,63.66,-48.92,-38.84,-54.36
1762942632.7126386,-5.27,52.2,53.21,-15.11,-55.79,61.54,-14.4,-43.59
1762942632.981557,-14.22,12.25,65.37,0.47,-19.29,-29.82,-77.83,53.8
1762942633.190442,13.74,-70.72,-5.07,48.61,64.75,-9.93,-64.88,65.19
1762942633.4101071,32.82,66.94,-56.84,11.32,11.1,-69.32,40.11,14.75
1762942633.619662,-45.28,-18.57,24.91,13.85,69.86,-78.58,72.07,55.14
1762942633.8416886,-0.41,-55.32,-73.16,65.48,-46.29,-76.88,-28.97,-56.19
1762942634.0780485,-38.18,-60.81,44.9,-46.35,-19.95,-69.73,12.39,-73.99
1762942634.284117,74.08,-4.16,72.55,49.43,-23.93,14.16,-6.77,-14.25
1762942634.4941597,-17.36,-71.3,-65.57,-75.0,21.85,74.86,24.73,57.07
1762942634.7041175,-52.21,-75.22,-30.7,22.63,-52.34,-68.83,-76.84,46.71
1762942634.93302,37.47,23.69,-79.02,-40.76,-36.76,46.95,-18.12,44.73
1762942635.1600113,60.16,-12.81,-59.36,13.01,-62.91,-49.33,78.32,36.63
1762942635.438424,-6.89,30.13,-6.16,-17.77,-10.29,-67.24,-28.18,-5.97
1762942635.643567,27.75,-26.34,-63.25,-41.82,77.79,20.84,-62.85,-61.74
1762942635.849673,33.08,65.88,-63.94,-78.15,74.5,60.31,-26.01,46.97
1762942636.0626907,52.27,7.97,-9.53,21.33,-50.34,-4.87,-10.85,-79.43
1762942636.3034616,-78.31,-16.75,-32.57,15.25,21.18,18.02,-33.52,-58.45
1762942636.5177696,43.07,79.47,73.19,15.02,-75.27,34.51,-71.09,63.04
1762942636.7238367,-77.31,-21.65,49.79,74.41,36.13,9.85,-30.99,39.7
1762942636.9300675,65.8,-20.98,59.28,19.76,-34.23,-15.96,-51.36,11.15
1762942637.1369247,-27.34,19.12,33.69,13.63,44.11,4.84,50.32,71.08
1762942637.3802311,-61.36,-61.44,-8.11,-49.35,40.9,-71.27,-23.3,-78.76
1762942637.586156,-24.3,59.69,42.79,-67.08,32.3,-55.19,36.85,28.37
1762942637.7993298,-11.1,-35.85,0.99,-10.71,-41.1,-28.08,36.75,-26.25
1762942638.0001502,16.44,69.74,-46.2,-8.54,3.54,-10.9,12.21,27.75
1762942638.2520225,30.93,-23.12,-37.95,-54.3,-9.07,-41.51,-47.22,-13.5
1762942638.4631727,-30.86,-7.87,16.75,25.06,-49.46,-18.41,-8.83,-47.62
1762942638.712509,-56.61,47.6,-0.87,37.51,-26.42,2.76,16.08,-11.58
1762942638.9384255,7.88,-50.47,-45.98,66.28,-75.12,30.25,36.17,-73.7
1762942639.1758537,11.16,-30.37,-7.82,-22.09,53.32,-57.72,-7.52,-69.01
1762942639.3931692,16.53,30.84,22.61,-10.16,-71.01,75.66,-40.38,66.53
1762942639.6619034,-5.7,17.52,25.45,64.24,-51.13,10.23,-16.52,-7.93
1762942639.8685153,-6.72,28.45,75.75,-75.25,-8.32,-17.9,6.35,14.22
1762942640.0765262,-6.98,38.28,27.31,69.98,71.28,60.83,75.52,-47.51
1762942640.2933052,-39.8,-61.14,44.4,5.75,4.19,-22.13,7.04,65.78
1762942640.504844,-9.46,62.24,-26.1,-35.38,30.36,63.96,-49.89,45.57
1762942640.7118459,-36.75,-58.27,49.57,-32.75,20.12,-65.78,44.2,11.78
1762942640.9325988,-42.67,-53.92,44.29,18.39,31.5,27.66,63.76,51.77
1762942641.1493971,34.22,42.29,33.49,46.89,-26.65,-48.11,-48.99,63.65
1762942641.364112,-26.55,-6.52,63.34,28.76,51.01,-2.94,63.91,48.45
1762942641.5824053,69.97,78.58,-51.34,22.11,76.89,-76.67,9.82,14.44
1762942641.8044326,52.56,-41.97,40.79,-61.53,49.34,78.82,-2.92,59.31
1762942642.048385,-9.31,56.64,-34.09,-60.35,29.85,-73.9,-22.29,-68.58
1762942642.2884147,35.75,-12.93,77.85,-12.75,70.33,-78.75,50.86,-14.58
1762942642.4973822,66.14,75.49,-57.29,34.69,17.05,49.02,18.06,-67.12
1762942642.7040045,-0.25,-65.08,61.89,8.47,-61.78,-4.95,33.05,71.28
1762942642.9145606,-29.12,-42.86,34.83,-73.0,-49.9,-33.06,58.09,-18.24
1762942643.1285002,14.89,-37.99,-34.72,44.57,-52.94,-62.26,-41.95,45.26
1762942643.3500235,-29.61,75.25,-24.44,-58.94,15.81,74.42,-42.32,62.68
1762942643.556908,54.74,-27.46,-47.03,-1.43,10.0,-40.95,42.43,-14.46
1762942643.8230727,-13.67,69.74,-39.6,-52.85,36.46,-40.24,-39.64,-31.38
1762942644.0285223,-50.47,4.45,-23.33,-26.35,20.08,-13.99,-6.64,-35.65
1762942644.23472,-24.81,39.04,-53.92,-62.37,43.72,42.74,7.61,-27.83
1762942644.440101,-29.01,75.66,78.32,12.01,-52.29,52.31,-32.28,-9.8
1762942644.6806643,57.72,-45.04,-9.93,67.71,-72.32,10.35,-12.1,54.4
1762942644.9049697,75.97,55.89,-42.29,22.16,-38.55,-50.77,-6.39,-19.65
1762942645.129469,26.61,-73.18,-3.68,30.59,71.18,10.22,-23.65,30.42
1762942645.336321,-47.62,-44.18,-19.36,-57.02,-21.89,49.86,31.69,-13.69
1762942645.5685308,-39.34,24.7,-3.87,62.63,79.33,-10.27,-34.75,16.5
1762942645.7704115,-28.8,-59.19,-41.12,30.38,56.33,-29.78,-24.4,20.47
1762942645.9788764,-68.2,-47.24,-11.41,54.69,-58.77,-31.92,-3.57,49.27
1762942646.2382534,28.61,29.03,-45.84,-74.31,39.17,-64.84,3.82,62.29
1762942646.4535515,76.22,31.67,64.92,-40.38,-36.22,57.3,4.45,36.92
1762942646.6599796,-17.07,25.88,-25.77,-9.26,-34.36,30.29,53.62,-29.41
1762942646.8870127,-1.77,65.45,41.5,29.75,73.32,61.69,-55.58,31.15
1762942647.093361,-14.64,68.92,-38.36,-21.86,65.87,-12.96,49.51,36.2
1762942647.3155007,-15.49,-63.35,-33.04,44.76,-28.16,-53.81,4.4,-74.37
1762942647.521738,-64.18,12.33,-77.14,-54.28,-43.43,-76.06,16.46,-33.05
1762942647.728346,28.05,65.27,57.24,70.56,67.37,72.43,-27.22,-10.74
1762942647.940614,76.43,-10.37,44.58,-19.43,-56.39,-76.3,-7.29,-56.25
1762942648.1498744,-39.17,-32.91,-78.15,-26.12,-34.44,-10.69,-42.14,69.91
1762942648.358192,-0.51,-46.87,-45.33,-47.97,66.83,-10.36,27.28,35.77
1762942648.5797338,-34.46,35.44,70.92,15.02,42.83,29.93,35.23,-0.26
1762942648.8088055,17.85,11.67,20.92,67.72,70.93,-40.79,53.95,-18.68
1762942649.02278,36.22,79.96,38.07,-61.43,78.81,45.25,-7.37,-75.78
1762942649.2675674,-8.55,13.42,-27.48,0.39,11.96,-44.12,-43.34,25.64
1762942649.471138,-69.54,27.09,-9.7,5.08,53.1,-30.48,13.56,-28.73
1762942649.6944396,-15.29,-13.51,19.63,76.41,-59.88,75.65,-65.87,-52.45
1762942649.9195893,-24.78,73.03,1.55,-24.4,67.8,-7.17,-53.45,-18.79
1762942650.1379006,-27.25,-47.54,-38.79,-0.65,63.95,-79.37,23.26,51.58
1762942650.34357,-5.38,44.75,55.05,49.2,2.7,-23.94,20.42,75.11
1762942650.5574827,-73.16,-14.96,-61.82,-74.06,12.8,-34.92,78.93,-51.27
1762942650.7665985,23.19,-11.88,-15.58,16.07,3.98,-16.1,45.58,62.5
1762942650.9739182,66.38,-17.29,-78.06,70.5,-62.93,-77.67,-67.38,9.19
1762942651.1992583,31.27,39.95,-72.41,25.62,2.48,5.01,-35.09,-28.78
1762942651.4604983,29.37,71.44,-38.43,37.97,21.74,64.98,-18.68,-18.46
1762942651.678566,37.82,-60.12,65.28,-3.49,-54.59,-0.7,-47.42,2.84
1762942651.9101794,-77.32,-79.39,-61.66,47.2,6.94,76.23,38.71,-2.04
1762942652.1185565,53.38,-8.83,15.31,-35.23,-12.61,-35.86,11.96,-78.87
1762942652.3439105,-50.19,-38.72,-37.15,55.87,44.05,4.9,-8.94,-69.81
1762942652.5470464,60.3,28.33,-72.72,55.16,45.61,47.9,-66.22,-27.19
1762942652.767784,13.42,-42.56,-17.05,9.88,35.15,57.89,39.12,45.9
1762942652.9785163,78.02,13.37,-14.98,51.35,-66.95,69.99,15.07,-48.24
1762942653.1894395,-67.82,76.45,-26.63,-53.73,75.21,-28.01,-17.77,65.34
1762942653.4103336,-34.54,4.85,34.66,-26.7,-42.62,-76.51,52.42,25.09
1762942653.6403582,-73.7,29.16,-16.76,8.28,-62.12,-77.68,-40.4,-36.19
1762942653.8713334,-12.52,62.89,25.32,61.33,-14.68,75.06,68.46,-49.67
1762942654.080453,69.83,41.48,-67.42,60.84,25.37,-1.9,-48.9,-4.25
1762942654.2821217,-11.81,16.31,-6.12,-79.72,-71.86,-0.08,-12.16,-5.21
1762942654.528378,-10.17,-55.76,-1.05,35.95,-2.92,72.6,-70.58,-23.88
1762942654.7599363,27.2,-13.25,35.95,-28.58,-37.28,71.16,-42.49,-65.33
1762942654.9720733,-34.88,-0.8,64.93,40.19,-24.96,62.45,-60.7,-31.61
1762942655.1857805,-5.06,-10.05,43.18,-47.54,-0.21,73.74,10.74,23.14
1762942655.4066317,77.07,11.88,66.7,17.05,-39.25,69.79,17.18,-74.04
1762942655.6225302,67.1,-59.65,18.95,-32.74,-14.95,-21.82,38.84,18.05
1762942655.8724315,-32.02,75.23,68.27,17.37,-20.13,4.05,-70.22,-36.49
1762942656.1281595,-13.38,-51.15,18.78,40.83,-24.63,49.76,35.59,-31.06
1762942656.351167,60.3,23.98,-50.0,-5.6,26.71,-28.57,-61.94,-36.06
1762942656.586958,10.55,-17.05,-33.05,54.92,71.53,-74.39,-65.59,-76.92
1762942656.8111904,-31.22,31.89,66.53,79.03,-76.58,37.43,29.59,-52.67
1762942657.0169935,-52.62,-70.8,-56.18,31.92,-75.25,-35.31,46.82,-37.78
1762942657.2527914,12.57,21.0,16.76,31.36,-28.61,-67.07,16.5,21.03
1762942657.4796417,78.95,40.07,76.6,52.25,26.36,2.39,57.95,-38.22
1762942657.6909783,-76.06,51.93,-72.03,30.18,10.19,7.88,-55.45,4.02
1762942657.907742,33.14,-3.52,-46.35,-36.15,-66.71,60.05,36.99,76.18
1762942658.1451893,-35.1,33.39,-34.21,69.75,41.78,-19.12,-12.18,-29.12
1762942658.3636906,-45.35,-7.65,63.78,70.85,34.64,68.26,-60.89,65.34
1762942658.572556,-58.65,-7.92,1.94,62.47,45.62,70.02,-9.36,-63.68
1762942658.7800848,21.38,52.68,-51.86,-22.51,13.93,-14.78,-43.54,78.44
1762942658.9865162,3.85,19.37,58.68,-18.25,41.02,29.58,-15.6,-11.18
1762942659.2417252,-69.24,-70.33,12.53,37.03,18.8,26.87,43.42,75.01
1762942659.4624274,-7.61,69.42,-73.38,-54.1,43.21,27.93,-63.32,5.46
1762942659.671107,31.16,48.89,1.26,39.77,-16.45,-31.65,46.88,-48.57
1762942659.8761127,-36.08,-54.69,-64.93,-57.37,23.2,20.17,62.91,43.71
1762942660.0884178,39.12,-56.39,-36.3,40.93,7.78,-74.25,23.4,62.41
1762942660.3056488,21.67,-28.12,6.5,44.29,-36.45,-5.29,13.4,-69.65
1762942660.520699,70.88,70.15,-16.12,-23.91,-25.79,5.85,-69.87,20.77
1762942660.756622,52.37,-45.52,55.93,-74.01,-53.09,78.45,-57.39,-3.61
1762942660.9920313,-19.81,23.92,28.83,53.53,14.28,-25.35,-67.26,-29.38
1762942661.239546,-38.94,18.79,38.77,-44.13,-42.07,-40.75,70.52,-13.44
1762942661.4516613,-16.06,-75.95,-49.86,-29.65,60.5,-63.38,-23.14,50.6
1762942661.6582778,-1.94,-39.26,26.42,29.42,1.73,75.12,39.27,-40.59
1762942661.8794692,56.37,13.77,-64.78,-2.6,-22.67,-46.0,-38.38,69.48
1762942662.0912843,59.4,30.55,-50.56,27.92,19.81,61.44,11.91,28.87
1762942662.3390656,79.36,-57.24,3.16,-70.79,-1.19,38.13,-45.85,-46.43
1762942662.567308,-77.61,55.31,-70.67,50.79,49.66,35.6,-44.51,-41.98
1762942662.799525,-0.76,-2.77,-9.37,12.37,-50.86,14.07,-24.88,-39.27
1762942663.0161443,-39.87,-11.94,-45.46,-34.41,-34.42,-23.84,-37.08,-12.59
1762942663.251941,39.28,34.81,-28.06,-27.47,-0.81,-32.63,45.45,76.52
1762942663.4745183,-65.72,-41.79,41.38,39.13,-72.48,29.74,-42.85,-67.18
1762942663.720603,-23.33,-16.15,53.95,41.94,-70.81,-53.46,-54.98,77.19
1762942663.9359303,36.53,-5.11,73.41,58.66,48.49,7.55,71.77,7.72
1762942664.1485696,-68.33,-60.64,71.15,-7.5,-38.07,10.27,27.32,-22.04
1762942664.3674023,-20.96,32.68,60.06,-35.33,-74.05,10.13,26.04,-29.92
1762942664.5722818,70.03,37.76,-66.36,30.6,31.19,-28.44,-28.36,8.44
1762942664.784212,-50.09,5.92,-21.32,-41.83,27.55,7.89,-49.56,-64.24
1762942664.9900663,-3.91,49.74,43.15,-5.34,38.15,28.33,-37.27,-4.86
1762942665.1992118,-52.22,57.48,-24.94,-13.56,70.94,-37.01,37.11,-14.82
1762942665.4256659,-0.53,47.59,-74.61,69.3,22.5,18.22,50.83,29.0
1762942665.6432762,2.41,64.32,37.79,65.72,34.44,-6.38,69.21,-61.49
1762942665.8783703,69.25,32.08,61.59,-60.85,16.99,-34.76,-3.12,-27.96
1762942666.0835094,-44.73,-35.01,47.47,77.09,-69.46,-74.08,-23.78,-18.74
1762942666.2908194,-62.71,76.95,-37.9,-73.09,62.35,47.3,10.5,-14.77
1762942666.4963937,31.39,9.22,57.03,-60.88,-53.55,-32.58,-27.85,11.7
1762942666.7402925,49.53,-68.4,42.9,25.92,-62.25,-8.01,53.43,-30.16
1762942666.9717488,75.26,50.73,5.03,-55.17,69.08,-1.79,-54.51,49.05
1762942667.1813042,37.21,-17.47,-17.62,50.04,-2.77,-30.8,71.21,-76.19
1762942667.388441,5.56,-25.9,55.74,-37.04,-15.47,27.07,-48.44,-73.67
1762942667.6084068,-47.77,-73.37,34.16,67.53,-73.8,71.07,-40.44,-73.38
1762942667.8358407,58.58,-29.52,76.27,-35.84,76.12,45.11,-59.53,28.94
1762942668.0545037,-31.15,28.68,-48.02,59.53,38.25,11.3,30.85,-56.34
1762942668.2632701,69.8,25.72,1.88,-34.6,0.24,-36.37,-60.33,63.47
1762942668.5055594,45.18,47.97,-39.36,32.1,41.19,0.54,-73.92,-45.26
1762942668.7123141,9.63,7.02,64.79,5.06,65.03,-48.98,67.16,25.48
1762942668.921046,15.15,7.75,35.89,-3.33,-13.54,4.51,39.98,20.39
1762942669.1274273,18.33,-22.83,-49.9,75.66,-38.79,29.68,-30.28,-60.45
1762942669.3504345,9.11,56.33,25.88,64.36,55.0,52.77,-15.68,-68.71
1762942669.573181,-35.71,-4.47,21.24,-58.38,16.81,4.44,-2.25,-56.01
1762942669.7874846,-1.71,-59.48,-7.46,51.54,28.09,-29.12,-65.23,33.61
1762942670.0092275,-55.9,-57.43,-46.03,-50.35,9.84,-24.08,45.5,-29.2
1762942670.2319393,-46.13,-53.66,-18.48,-21.3,-9.81,18.08,70.23,52.71
1762942670.483273,64.57,18.44,-54.69,70.85,27.07,0.24,-27.44,-16.39
1762942670.694488,-44.01,-64.83,34.48,55.26,-67.3,-32.31,-65.91,7.84
1762942670.9032233,-44.27,-0.73,44.27,-10.81,-16.04,-0.9,-23.57,13.05
1762942671.1163778,-71.71,-74.27,-46.29,50.69,76.31,46.17,-70.33,-25.9
1762942671.3413565,35.92,-45.24,29.76,-37.59,66.78,-56.57,-50.08,-46.05
1762942671.579146,70.4,48.87,75.33,51.21,21.03,4.39,29.61,-6.12
1762942671.788233,46.61,-24.84,-7.09,-73.07,44.83,32.29,-7.46,57.88
1762942672.024937,-71.15,0.06,59.97,28.16,-27.95,59.87,69.96,5.66
1762942672.249104,74.8,19.76,-9.74,-13.32,-29.03,-49.96,36.94,-65.69
1762942672.4563072,40.43,64.01,-66.27,-39.05,51.87,40.52,-11.33,-78.76
1762942672.6624706,-39.23,-30.78,56.45,49.54,-4.78,-17.2,65.84,-21.09
1762942672.8734987,4.51,-70.13,-58.46,40.08,42.51,16.89,51.57,71.14
1762942673.1101785,-38.24,57.16,45.92,51.84,-65.39,74.37,-28.0,-45.52
1762942673.3199651,-62.82,-46.03,-5.75,22.39,-52.29,9.47,-60.07,-10.74
1762942673.5695667,-16.09,79.05,-14.78,3.85,-16.13,-14.52,-5.57,-36.8
1762942673.7783065,4.77,-63.72,61.88,28.77,51.27,-59.96,-18.3,-4.67
1762942673.9990778,37.94,-12.44,-41.47,-0.96,73.44,48.4,47.04,-16.61
1762942674.2056444,10.46,-9.13,-17.71,-74.03,-63.88,9.9,31.36,-22.2
1762942674.4104972,70.41,-25.54,15.5,-15.74,62.07,2.36,25.09,16.44
1762942674.6282203,61.99,-64.25,37.5,66.75,60.8,3.1,5.9,-79.59
1762942674.8386834,-43.1,-0.27,29.38,-73.94,-30.69,-55.07,-18.66,-45.4
1762942675.0444078,50.07,-14.27,-25.52,45.0,-68.37,9.04,77.62,-37.24
1762942675.2520216,60.06,-26.13,30.63,63.65,24.95,0.54,-14.55,9.4
1762942675.518548,10.52,-41.62,-9.87,-79.73,-51.85,11.66,21.28,34.63
1762942675.7574732,52.43,-0.4,-1.68,60.75,74.06,-62.8,49.79,7.11
1762942675.970445,-74.85,59.38,-78.35,39.39,-18.19,-33.96,24.35,51.59
1762942676.17611,56.15,43.2,-22.11,-33.47,67.54,52.41,0.84,-25.79
1762942676.3815336,15.19,-24.24,55.22,19.1,45.67,38.85,-7.29,-32.51
1762942676.588175,-32.93,-59.65,-39.73,78.96,-18.78,34.88,65.53,-58.91
1762942676.8281975,19.04,-62.55,-63.57,-44.32,-19.3,-59.1,45.11,77.05
1762942677.0519407,-4.19,37.98,-2.22,58.79,-55.27,-41.94,-23.6,74.06
1762942677.25394,69.72,52.72,3.89,-4.77,-57.96,-34.14,31.03,-52.88
1762942677.4765072,-9.32,4.97,-5.33,37.35,52.2,-15.97,-78.37,-23.93
1762942677.7301373,-35.59,-33.96,0.63,-66.89,-42.6,70.98,-2.08,38.21
1762942677.9368124,-66.95,15.78,45.07,63.85,22.69,-62.52,-10.81,-45.87
1762942678.1441925,-46.15,36.89,-33.47,-47.52,57.96,-7.4,54.52,73.95
1762942678.351251,66.87,-20.34,77.99,58.1,-1.6,-72.09,74.24,34.75
1762942678.5614557,44.15,78.36,37.65,-42.55,-47.54,48.46,2.71,18.86
1762942678.7700384,7.36,20.12,-57.91,58.17,66.35,31.77,50.27,-25.63
1762942678.9786975,69.9,-59.18,-60.33,-45.24,-40.79,19.18,1.71,-41.2
1762942679.1857023,45.98,-20.74,-10.05,31.53,47.32,-69.6,-17.73,39.82
1762942679.3920112,52.72,-60.01,-11.98,17.22,20.73,-42.09,-79.69,65.86
1762942679.600179,62.81,-45.75,57.63,-36.35,50.08,-59.19,-42.45,51.19
1762942679.8063757,-72.86,15.27,77.58,-26.02,73.45,34.93,-13.59,0.77
1762942680.0023134,70.83,62.75,-74.51,-14.74,-7.01,-43.8,-32.15,75.77
1762942680.2067306,22.45,33.68,69.67,-52.28,14.25,-62.13,-30.22,76.59
1762942680.4130375,-29.99,39.81,-30.31,35.97,-33.49,20.34,-78.07,-36.04
1762942680.6204796,-1.42,26.38,-31.33,71.75,-45.43,60.43,58.02,24.02
1762942680.8274271,-39.99,-26.92,1.86,29.48,-20.55,28.62,77.56,36.15
1762942681.0350325,-30.83,62.19,31.58,42.59,1.85,-47.15,-41.85,42.84
1762942681.2454667,-53.5,18.15,-54.49,-7.9,21.03,26.05,-12.81,9.35
1762942681.4659622,-76.26,-26.09,5.2,52.42,-65.38,-11.61,-51.06,18.57
1762942681.6753,43.62,74.14,12.34,-16.4,-4.45,23.05,-39.68,-63.67
1762942681.8880477,29.54,-69.64,79.13,41.72,30.44,-79.74,-11.35,-54.36
1762942682.0939183,45.54,-15.69,6.76,-64.77,58.97,-20.83,53.8,-60.55
1762942682.3383832,-64.29,-58.26,24.69,17.07,69.32,5.19,-11.91,-14.71
1762942682.5561779,12.71,-35.19,-74.95,-51.73,72.18,-17.93,22.6,-63.13
1762942682.7897973,-23.87,4.99,33.37,-23.67,51.39,-45.89,33.28,-75.57
1762942683.0123029,31.95,4.95,10.67,1.89,-63.49,-52.66,-47.75,-3.74
1762942683.24102,-35.97,36.41,4.37,56.66,-52.4,41.03,59.26,55.03
1762942683.4471726,11.99,-49.74,-12.46,-20.72,23.35,53.65,42.24,-28.15
1762942683.6543937,42.19,77.39,-9.39,59.32,49.47,32.75,36.07,55.13
1762942683.8608918,-66.06,1.83,-60.83,-28.01,22.95,43.77,43.36,-30.34
1762942684.077269,7.07,56.57,8.44,11.67,5.16,69.09,7.48,-37.79
1762942684.3073,13.74,25.84,17.58,-41.89,14.19,-74.67,-10.23,67.55
1762942684.51158,-2.42,30.39,-40.16,-12.16,28.95,36.53,-55.52,26.0
1762942684.7180347,-41.36,-32.65,73.2,-37.21,-11.23,6.12,-9.7,-34.03
1762942684.947957,0.64,54.67,-31.98,-53.97,-26.52,-0.91,11.82,-60.25
1762942685.183237,-74.82,-58.26,-64.94,-46.97,62.26,66.99,63.09,30.47
1762942685.4383898,75.56,-4.75,-37.73,-7.91,-17.99,-14.71,-62.71,-79.0
1762942685.644189,-14.01,-4.68,-18.45,76.47,19.18,-22.87,-52.54,-40.87
1762942685.868124,-5.55,-43.55,-67.63,-62.7,31.35,67.69,24.08,37.58
1762942686.0847213,-58.9,67.98,21.94,-75.56,-28.57,-60.31,-56.49,35.72
1762942686.307695,33.03,-50.06,51.35,72.85,0.9,-33.12,-66.62,49.45
1762942686.5271869,-0.12,-28.52,5.15,-55.44,-35.43,-62.5,12.78,-40.06
1762942686.7374527,-73.72,36.82,-54.88,56.6,72.94,2.19,44.07,-64.4
1762942686.9624848,-7.96,0.78,67.99,-38.72,35.77,-45.15,-42.28,52.7
1762942687.1692815,26.58,-61.21,-76.66,-29.78,-60.6,-18.37,50.46,41.33
1762942687.3739083,-32.9,-16.86,34.59,4.49,7.55,-7.17,61.15,10.05
1762942687.5830479,73.0,-11.47,9.84,-54.13,50.03,-62.19,13.06,26.39
1762942687.7903898,-48.73,-43.2,56.35,70.27,-22.87,59.45,44.08,21.58
1762942688.0334284,-7.08,-13.22,-15.36,-52.1,78.39,-17.46,33.11,-59.83
1762942688.2699618,-26.63,42.66,-18.79,77.11,35.22,-78.1,-62.18,-41.59
1762942688.4761865,-48.86,-59.94,44.83,-30.16,-70.16,72.55,-65.45,23.16
1762942688.6847055,63.8,7.75,1.51,69.39,52.03,-11.4,-59.41,-3.12
1762942688.894194,21.52,69.53,68.9,-26.04,-32.73,-33.28,-53.61,-47.65
1762942689.102138,-24.22,39.82,78.22,58.45,45.94,-2.22,-62.17,-62.62
1762942689.3333435,10.97,13.42,31.29,50.6,13.95,-64.85,-13.71,-41.78
1762942689.5481358,17.79,-60.69,-36.09,-31.8,61.34,-57.59,-23.97,8.47
1762942689.7635012,64.94,-13.87,-55.1,27.07,20.55,-6.84,-38.79,22.51
1762942689.979886,-37.55,58.53,77.54,-43.95,59.57,22.38,45.71,-34.15
1762942690.2051358,-1.09,45.21,-48.04,21.62,51.25,63.92,-76.07,-28.51
1762942690.4569173,76.58,-17.48,-41.88,72.48,-48.59,-6.72,52.84,-57.33
1762942690.6784,-31.58,61.77,-77.9,1.06,-70.68,-78.76,9.43,69.15
1762942690.8867042,45.29,-46.64,52.84,-14.09,-67.02,38.04,20.84,1.41
1762942691.092763,-48.19,-0.03,-36.88,31.04,43.57,49.32,9.76,18.76
1762942691.3632522,-52.17,-66.14,26.57,-24.38,40.96,-58.14,22.16,14.77
1762942691.5692558,-16.71,-51.43,-74.11,-44.79,35.63,15.67,-17.59,-60.95
1762942691.7760644,-72.34,-67.88,68.63,5.78,31.52,20.73,-18.32,32.1
1762942692.0043018,22.38,-73.12,47.81,-69.78,-44.73,66.03,-73.17,-21.99
1762942692.2777724,-37.06,-13.04,-14.17,-54.13,72.62,22.07,62.78,-53.14
1762942692.4862993,67.1,5.06,79.72,-60.32,-43.17,-78.14,-6.14,79.17
1762942692.7083683,-53.08,-78.92,-67.97,13.87,32.16,-11.58,41.75,-79.57
1762942692.9356823,-8.5,76.18,26.71,-6.61,-32.55,-26.03,4.85,49.33
1762942693.1434863,58.35,-7.47,70.0,-55.17,45.49,51.33,-1.74,-30.32
1762942693.373088,-39.34,-14.71,-19.07,-25.02,-62.94,63.0,74.57,-6.98
1762942693.638983,59.51,-44.65,15.09,-2.66,45.12,33.78,-20.5,-53.53
1762942693.8560734,28.82,-49.85,-54.18,74.59,5.99,-64.56,24.57,38.78
1762942694.0910864,22.19,-22.39,-43.92,-0.12,-49.59,45.63,-18.75,-50.03
1762942694.3289902,64.11,42.2,-21.03,-11.46,-0.47,-61.5,-54.52,22.35
1762942694.572649,67.4,-47.18,13.84,75.93,17.58,-2.23,-65.11,41.26
1762942694.7877035,53.4,65.94,75.18,23.89,-39.52,-22.85,-27.98,-7.67
1762942695.0204623,66.25,-50.65,26.98,70.84,-7.77,65.74,53.07,-31.27
1762942695.305435,76.93,30.44,-79.13,-36.58,-37.55,18.61,-51.21,-12.86
1762942695.5118022,66.9,-17.06,-50.4,68.11,28.46,-36.81,-75.8,-51.17
1762942695.787196,15.51,-55.37,-63.51,59.28,21.27,55.19,-21.78,41.38
1762942696.0500739,30.68,42.09,7.03,13.17,4.83,-30.91,44.83,-29.77
1762942696.2701879,62.95,34.83,0.19,-17.97,69.15,-0.71,-30.64,6.25
1762942696.483361,-39.52,24.84,30.77,29.42,-67.35,17.34,-73.4,62.4
1762942696.7445626,77.04,9.36,-43.85,-67.1,-2.02,18.94,-2.57,-48.37
1762942696.9516053,-34.07,38.96,-35.91,7.85,75.09,26.04,-37.38,-55.17
1762942697.1811478,-24.1,43.08,-24.37,44.52,40.28,54.3,73.86,-64.41
1762942697.3970664,2.34,79.02,-5.55,-47.65,2.17,-62.55,-52.32,-64.2
1762942697.6196592,-66.84,-1.31,13.37,32.0,45.47,39.6,9.65,-57.75
1762942697.8390648,16.47,-15.58,-22.9,20.33,39.31,7.26,-12.26,7.24
1762942698.06606,59.27,-49.44,0.14,37.31,68.31,-44.33,27.0,58.98
1762942698.2739034,1.11,55.18,-46.47,14.9,-5.14,-13.27,14.73,17.33
1762942698.4791923,-35.57,-30.88,68.94,-12.6,30.91,27.77,23.65,51.71
1762942698.7169967,67.56,-72.32,-14.26,75.98,26.28,-66.61,79.85,64.28
1762942698.924586,14.8,24.16,51.08,70.44,-36.26,31.12,21.33,19.72
1762942699.149737,-36.9,77.39,-33.56,75.27,4.65,11.92,50.04,-48.44
1762942699.3539464,50.25,-26.45,-76.33,-10.33,-26.62,-43.26,29.46,-28.87
1762942699.561571,-0.49,-30.3,20.64,-30.88,-56.04,13.67,43.37,-18.59
1762942699.7854762,-46.75,8.03,55.01,-12.17,69.21,-52.3,-69.89,-19.68
1762942700.0240643,16.67,-12.85,57.28,61.15,34.46,19.84,32.69,-6.2
1762942700.2306068,58.96,-20.96,-77.76,76.67,11.18,24.32,-18.52,5.22
1762942700.4435298,-44.23,-63.56,42.72,51.87,43.23,-10.48,1.13,-19.67
1762942700.661565,-11.01,-6.39,-58.09,-65.55,39.47,13.29,69.64,-45.88
1762942700.8676076,40.09,24.54,22.66,22.97,12.48,6.79,24.88,68.24
1762942701.0764747,18.67,-39.35,-5.96,47.65,-29.04,20.76,39.71,-67.6
1762942701.3141785,78.12,-26.61,71.9,48.4,-18.7,-53.04,-51.63,-20.76
1762942701.5212622,-16.38,-74.09,58.45,77.78,40.13,-15.62,-44.77,15.75
1762942701.7445664,76.89,37.35,77.89,-7.25,64.6,-53.31,-67.97,-13.68
1762942701.9678304,-22.73,-1.07,75.85,67.01,-22.42,52.44,-55.79,17.15
1762942702.1879845,57.92,-68.39,-67.83,-77.67,14.86,-64.0,-20.25,63.86
1762942702.4008238,8.62,-29.9,9.55,-53.5,42.56,-27.33,73.23,51.21
1762942702.6163652,-6.2,-58.83,-57.64,19.88,14.72,75.11,36.74,51.98
1762942702.82473,-55.97,34.19,-52.94,-29.95,-26.0,-19.94,-32.98,63.52
1762942703.0323265,36.58,27.56,-16.28,-51.76,78.79,-67.78,-35.34,-63.29
1762942703.2394552,48.25,-2.5,7.75,27.08,-42.75,62.37,-26.77,-58.31
1762942703.4465046,-3.77,-55.86,59.27,43.05,-78.21,25.19,30.57,-32.11
1762942703.6550515,-23.29,44.46,-71.63,29.44,59.95,46.32,-1.63,14.09
1762942703.863126,40.1,5.89,35.29,65.71,62.2,-28.07,50.66,-43.77
1762942704.069384,-36.17,4.57,7.17,26.45,-79.19,-33.6,8.01,75.61
1762942704.276663,70.33,-7.32,-59.24,-49.79,-59.15,68.29,44.46,19.34
1762942704.4841807,-68.75,5.83,10.04,-27.28,-10.82,-23.36,39.63,-20.2
1762942704.6906,39.19,-22.09,22.84,-16.54,0.0,-58.12,-76.25,-30.67
1762942704.9128761,33.73,8.36,-17.34,-70.23,-77.19,-75.5,-57.83,-69.43
1762942705.120796,53.82,-22.95,56.39,70.41,40.59,-27.44,-77.72,-49.18
1762942705.3281057,26.82,-72.89,-42.99,-2.14,70.98,33.37,-5.89,-55.7
1762942705.5358331,40.17,5.29,28.3,25.59,70.49,46.58,-5.79,-47.08
1762942705.7424011,11.14,47.67,50.4,-35.51,-7.75,24.36,46.67,60.41
